Num_Acc;an;mois;jour;hrmn;lum;agg;int;atm;col;com;adr;gps;lat;long;dep
200900008880;9;6;5;1550;1;2;2;1.0;3;113;BOULEVARD VINCENT AURIOL;;;;750
200900008881;9;6;5;1630;1;2;1;1.0;3;101;234, RUE DE RIVOLI;;;;750
200900008887;9;6;5;1830;1;2;5;1.0;3;115;QUAI ANDRE CITROEN;;;;750
200900008918;9;6;9;900;1;2;1;1.0;7;109;26, BOULEVARD POISSONNIE;;;;750
200900008920;9;6;9;930;1;2;1;1.0;4;117;43, AVENUE DE WAGRAM;;;;750
200900008922;9;6;9;1055;1;2;1;1.0;3;111;BOULEVARD RICHARD LENOIR;;;;750
200900008944;9;6;10;120;5;2;1;1.0;2;118;77, BOULEVARD BARBES;;;;750
200900008949;9;6;10;850;1;2;1;1.0;3;117;142, BOULEVARD PEREIRE;;;;750
200900008967;9;6;10;1850;1;2;1;3.0;7;112;RUE DE BERCY;;;;750
200900008972;9;6;11;810;1;2;2;1.0;3;114;89, AVENUE DU MAINE;;;;750
200900008977;9;6;11;1315;2;2;2;1.0;3;107;15, AVENUE DE BRETEUIL;;;;750
200900008978;9;6;11;1329;1;2;1;1.0;3;112;5, RUE DE REUILLY;;;;750
200900008983;9;6;11;1530;1;2;2;1.0;3;102;BOULEVARD DE SEBASTOPOL;;;;750
200900009008;9;6;12;1020;1;2;2;1.0;6;102;230, RUE SAINT DENIS;;;;750
200900009012;9;6;12;1235;1;2;1;1.0;6;114;3, RUE DE LA GAITE;;;;750
200900009022;9;6;12;2015;1;2;1;1.0;3;107;99, AVENUE DE LA BOURDON;;;;750
200900009025;9;6;13;420;5;2;2;1.0;3;102;RUE D ABOUKIR;;;;750
200900009027;9;6;13;755;1;2;2;1.0;3;116;RUE DE BOULAINVILLIERS;;;;750
200900009029;9;6;13;1145;1;2;1;1.0;2;116;ROUTE DE SEVRES A NEUILL;;;;750
200900009035;9;6;13;1545;1;2;1;1.0;3;120;44, RUE LOUIS LUMIERE;;;;750
200900009061;9;6;14;1430;1;2;1;1.0;6;116;ROUTE DE SEVRES A NEUILL;;;;750
200900009089;9;6;15;1530;1;2;2;2.0;3;116;AVENUE THEOPHILE GAUTIER;;;;750
200900009100;9;6;16;945;1;2;2;1.0;2;105;RUE SOUFFLOT;;;;750
200900009105;9;6;16;1340;1;2;1;1.0;2;111;63-65, RUE DU CHEMIN VER;;;;750
200900009111;9;6;16;1750;1;2;1;1.0;6;110;RUE DES PETITES ECURIES;;;;750
200900009113;9;6;16;1825;1;2;1;1.0;2;111;67, AVENUE DE LA REPUBLI;;;;750
200900009115;9;6;16;2215;5;2;1;1.0;6;101;192, RUE DE RIVOLI;;;;750
200900009126;9;6;17;1010;1;2;1;1.0;6;115;71, RUE DU THEATRE;;;;750
200900009137;9;6;17;1745;1;2;1;1.0;6;120;22, RUE DES ENVIERGES;;;;750
200900009140;9;6;17;1935;1;2;1;1.0;3;111;72, BOULEVARD VOLTAIRE;;;;750
200900009160;9;6;18;1640;1;2;2;1.0;2;104;RUE DE RIVOLI;;;;750
200900009166;9;6;18;1925;1;2;2;1.0;3;105;IMPASSE CHARTIERE;;;;750
200900009181;9;6;19;2000;1;2;2;1.0;3;114;00, AVENUE DU MAINE;;;;750
200900009195;9;6;20;915;1;2;1;1.0;6;115;BOULEVARD LEFEBVRE;;;;750
200900009198;9;6;20;1115;1;2;1;1.0;6;113;115, RUE DE LA GLACIERE;;;;750
200900009199;9;6;20;1240;1;2;2;1.0;3;114;79, AVENUE DU GENERAL LE;;;;750
200900009201;9;6;20;1330;1;2;2;1.0;6;102;721, RUE DES PETITS CARR;;;;750
200900009207;9;6;20;1900;1;2;3;1.0;3;112;271, AVENUE DAUMESNIL;;;;750
200900009209;9;6;20;1945;1;2;1;1.0;3;115;RUE DE VAUGIRARD;;;;750
200900009224;9;6;21;2035;1;2;2;1.0;6;105;98, BOULEVARD SAINT GERM;;;;750
200900009226;9;6;21;2315;5;2;2;1.0;6;111;39, AVENUE DE LA REPUBLI;;;;750
200900009237;9;6;22;1110;1;2;1;1.0;3;112;ROUTE DE LA PYRAMIDE;;;;750
200900009241;9;6;22;1245;1;2;2;1.0;7;116;RUE RAYNOUARD;;;;750
200900009242;9;6;22;1335;1;2;1;1.0;6;105;RUE SAINT JACQUES;;;;750
200900009243;9;6;22;1407;1;2;2;1.0;3;114;02, AVENUE REILLE;;;;750
200900009283;9;6;23;2200;2;2;2;1.0;3;103;25, RUE AUX OURS;;;;750
200900009286;9;6;24;300;5;2;1;1.0;7;116;ROUTE DE SURESNES;;;;750
200900009289;9;6;24;820;1;2;2;1.0;6;109;RUE DU FAUBOURG MONTMART;;;;750
200900009310;9;6;24;1845;1;2;1;1.0;6;114;54, AVENUE RENE COTY;;;;750
200900009316;9;6;24;1955;1;2;2;1.0;3;115;45, BOULEVARD PASTEUR;;;;750
200900009321;9;6;25;915;1;2;3;1.0;1;112;AVENUE DE GRAVELLE   ST;;;;750
200900009331;9;6;25;1055;1;2;2;1.0;6;111;32, AVENUE DE LA REPUBLI;;;;750
200900009336;9;6;25;1455;1;2;1;1.0;1;110;24, RUE ALIBERT;;;;750
200900009338;9;6;25;1615;1;2;2;1.0;3;103;121, RUE DE TURENNE;;;;750
200900009341;9;6;25;1730;1;2;1;1.0;6;108;41, RUE DU ROCHER;;;;750
200900009342;9;6;25;1800;1;2;4;1.0;2;112;RUE TRAVERSIERE;;;;750
200900009344;9;6;25;1840;1;2;4;1.0;3;108;AVENUE DES CHAMPS ELYSEE;;;;750
200900009361;9;6;26;1220;1;2;2;1.0;6;117;156, BOULEVARD PEREIRE;;;;750
200900009381;9;6;27;817;1;2;2;1.0;6;101;RUE DE RIVOLI;;;;750
200900009384;9;6;27;1220;1;2;1;1.0;7;105;4, RUE DU PETIT PONT;;;;750
200900009411;9;6;28;910;1;2;3;1.0;1;112;271, AVENUE DAUMESNIL;;;;750
200900009416;9;6;28;1725;1;2;2;1.0;6;119;11, QUAI DE LA GIRONDE;;;;750
200900009421;9;6;28;2020;1;2;1;1.0;3;109;85, RUE LA FAYETTE;;;;750
200900009425;9;6;29;1150;1;2;1;1.0;2;116;ROUTE DES TRIBUNES;;;;750
200900009454;9;6;29;1800;1;2;1;1.0;6;115;105, AVENUE EMILE ZOLA;;;;750
200900009455;9;6;29;1808;1;2;1;1.0;3;118;135, RUE BELLIARD;;;;750
200900009501;9;3;22;1155;1;2;1;1.0;6;185;ALLENDE ( BD SALVADOR );;;;30
200900009530;9;3;25;1715;1;2;1;1.0;7;100;ROUTE DES MOULINS;M;0.0;0;370
200900009538;9;4;11;1140;1;2;1;1.0;3;212;DUBOIS (RUE GERARD);;;;410
200900009595;9;3;19;1800;1;2;1;1.0;7;445;le bourg;M;0.0;0;240
200900009633;9;4;9;1610;1;2;3;1.0;3;312;0,  SAINT PIERRE ES LIEN;;;;240
200900009665;9;3;24;1130;1;1;1;1.0;3;239;;M;0.0;0;450
200900009674;9;3;21;1100;1;2;1;1.0;3;234;QUAI ROI/ACCES PARKING;M;4.0;0;450
200900009675;9;3;30;1800;1;2;1;1.0;3;208;152 RUE PAUL DOUMER;M;4.0;0;450
200900009685;9;3;11;1700;1;2;3;2.0;1;205;12, VIGNES (RUE DES);;;;180
200900009695;9;3;14;1040;1;2;2;1.0;3;33;MALLET (RUE LOUIS);;;;180
200900009749;9;3;12;655;2;2;6;1.0;3;88;route d'orthez;;;;400
200900009758;9;3;20;730;2;2;2;1.0;3;122;BOURG;M;0.0;0;400
200900009786;9;4;10;10;5;2;2;1.0;3;261;BELVEDERE (RUE DU);;;;370
200900009812;9;5;13;1645;1;2;1;1.0;3;194;185, FAUBOURG PONT NEUF;;;;860
200900009827;9;5;28;1415;1;1;1;1.0;1;113;;M;0.0;0;860
200900009829;9;5;29;1545;1;2;1;1.0;7;115;12  ter route de parigny;M;0.0;0;860
200900009841;9;5;8;2130;3;2;1;1.0;1;45;AVENUE DOCTEUR BORTI;M;0.0;0;40
200900009842;9;5;24;900;1;2;1;1.0;1;39;ROUTE DE DRAGUIGNAN;M;4.0;0;40
200900009855;9;4;22;1920;1;2;1;1.0;1;137;10, FENELON (BD DR FRANC;;;;830
200900009864;9;4;19;1530;1;1;1;1.0;6;69;58, MARINE (BOULEVARD DE;;;;830
200900009875;9;4;17;1640;1;2;1;1.0;3;137;FARON (ROUTE  DU);;;;830
200900009880;9;4;25;1655;1;2;1;1.0;3;137;JOLLY (RUE PAUL);;;;830
200900009884;9;4;14;1910;1;2;1;1.0;3;137;2151, RESISTANCE (AVE /;;;;830
200900009920;9;4;10;1300;1;1;1;1.0;2;133;;M;0.0;0;830
200900009938;9;5;18;1815;1;2;1;1.0;1;393;CD 9/RUE DU PONT LAT;M;4.0;-;640
200900009956;9;5;10;1625;1;2;1;1.0;3;483;28,AV PIERRE LARRAMENDY;M;4.0;-;640
200900009991;9;5;26;840;1;2;1;1.0;3;445;39, BOULEVARD ALSACE LOR;M;4.0;-;640
200900010003;9;5;6;1050;1;2;1;1.0;6;445;20, RUE SERVIEZ;M;4.0;-;640
200900010010;9;5;12;1630;1;2;6;1.0;1;527;;M;4.0;-;640
200900010023;9;5;27;1435;1;2;1;1.0;6;126;1, ROSTAND (BD JEAN);;;;830
200900010033;9;5;20;840;1;2;9;1.0;6;137;NICOLAS (BD COMMANDANT);;;;830
200900010079;9;5;16;1115;1;1;1;1.0;1;43;;M;0.0;0;830
200900010092;9;5;27;1130;1;1;1;1.0;1;94;;M;0.0;0;830
200900010094;9;5;17;1100;1;1;6;1.0;1;101;;M;;;830
200900010112;9;5;12;830;1;2;6;1.0;3;47;rond point gensolene;M;0.0;0;830
200900010119;9;1;10;1525;1;2;1;1.0;2;757;0, FORT (RUE DU);;;;570
200900010121;9;1;8;1800;5;2;2;1.0;6;463;00, FORT DES BORDES (RUE;;;;570
200900010137;9;1;17;2115;5;2;3;1.0;6;253;1, METZ (RUE DE);;;;570
200900010172;9;1;30;1455;1;2;3;1.0;6;143;134, JOFFRE (RUE);;;;570
200900010228;9;5;20;1430;1;1;1;1.0;1;221;;M;4.0;0;120
200900010231;9;2;26;1430;1;2;1;1.0;2;268;PLACE DE LA MAIRIE;M;4.0;0;210
200900010263;9;2;8;846;1;2;1;1.0;2;231;31, CORCELLES (DE) (ROUT;;;;210
200900010271;9;3;19;1614;1;2;1;1.0;3;231;60, RAYMOND POINCARE (AV;;;;210
200900010274;9;3;23;1256;1;2;3;1.0;3;231;GABRIEL (BOULEVARD);;;;210
200900010281;9;3;30;1423;1;2;3;1.0;3;231;AUGUSTE FREMIET (RUE);;;;210
200900010282;9;3;16;1544;1;2;3;1.0;2;231;GABRIEL (BOULEVARD);;;;210
200900010284;9;3;3;711;2;2;2;1.0;3;231;LAMONNOYE (RUE);;;;210
200900010289;9;3;26;1701;1;2;7;1.0;3;231;30 OCTOBRE ET DE LA LEGI;;;;210
200900010305;9;3;12;1142;1;2;1;1.0;2;231;68, MONGE (RUE);;;;210
200900010325;9;4;4;1509;1;2;3;1.0;3;231;61, GENERAL FAUCONNET (D;;;;210
200900010330;9;4;15;1410;1;2;2;1.0;3;231;PARMENTIER (RUE);;;;210
200900010333;9;4;24;1505;1;2;2;1.0;3;355;DIJON (DE) (ROUTE);;;;210
200900010364;9;5;9;1955;1;2;1;1.0;6;231;8, BERTHELOT (RUE);;;;210
200900010376;9;5;28;656;2;2;1;1.0;5;231;31, MARCEAU (RUE);;;;210
200900010381;9;5;14;1312;1;2;1;1.0;3;231;JEAN MAZEN (RUE);;;;210
200900010394;9;5;22;1004;1;2;3;1.0;3;231;19, STRASBOURG (DE) (BOU;;;;210
200900010418;9;5;7;800;1;2;9;1.0;3;292;Esplanade du souvenir fr;M;4.0;0;210
200900010440;9;4;5;2145;5;2;2;1.0;3;234;R FG BANNIER/R PATAY;M;4.0;0;450
200900010442;9;4;9;810;1;2;3;1.0;1;169;R JUSTICE/R FREDERIC CHO;M;4.0;0;450
200900010470;9;4;21;2000;1;2;1;1.0;3;238;RTE DAMMARIE-LA POSTE;M;4.0;0;450
200900010493;9;4;24;1530;1;2;1;1.0;7;60;RUE DU DIEU BORVO;M;4.0;0;520
200900010496;9;4;28;1115;1;2;3;1.0;3;331;R.DES PONTS/ R.DU PATIS;M;4.0;0;520
200900010502;9;2;12;1830;3;1;1;1.0;1;102;;M;0.0;0;570
200900010515;9;2;2;1255;1;2;3;4.0;2;463;00, PATROTTE (RUE DE LA;;;;570
200900010516;9;2;3;720;2;2;1;8.0;2;487;00, JOUY (ROUTE DE );;;;570
200900010607;9;5;7;1640;1;2;2;1.0;3;448;1, AVENUE VICTOR HUGO;M;4.0;0;520
200900010624;9;5;16;1800;1;1;1;1.0;7;467;;M;4.0;0;520
200900010625;9;3;6;1309;1;2;1;1.0;3;431;1382, ARMENTIERES  (RUE;;;;590
200900010630;9;3;18;1310;1;2;2;1.0;3;343;FAIDHERBE RUE;;;;590
200900010631;9;3;22;1145;1;2;1;1.0;2;183;2329, PETITE-SYNTHE CD 9;;;;590
200900010632;9;3;16;1700;1;2;9;1.0;6;155;., BERGUES CD 916 - ROUT;;;;590
200900010650;9;3;18;1215;1;2;6;1.0;3;350;153, BD MONTEBELLO;;;;590
200900010664;9;3;22;1230;1;2;9;1.0;2;271;RD 131;;;;590
200900010721;9;3;11;1845;1;2;1;1.0;3;79;00, DELORY (RUE GUSTAVE);;;;590
200900010723;9;3;31;2050;5;2;1;1.0;3;426;85, SCHWEITZER (RUE DU D;;;;590
200900010755;9;3;13;1245;1;2;1;1.0;3;350;263, LEGRAND PIERRE RUE;;;;590
200900010759;9;3;18;1245;1;2;1;1.0;6;9;PASTEUR RUE;;;;590
200900010761;9;3;2;1740;1;2;2;1.0;3;9;PONT DE BOIS  METRO;;;;590
200900010784;9;3;1;850;1;1;1;1.0;3;512;FOURMIES (BOULEVARD DE);;;;590
200900010792;9;3;12;1330;1;2;2;1.0;3;350;002, NATIONALE RUE Nï¾°RES;;;;590
200900010795;9;3;30;1750;1;2;1;1.0;3;170;6, EGALITE (RUE DE L');;;;590
200900010847;9;3;14;1155;1;2;1;1.0;3;672;34, DE GAULLE (AVENUE CH;;;;570
200900010850;9;3;29;1400;1;2;1;1.0;2;19;CD 47;;;;570
200900010887;9;3;2;1508;1;2;3;1.0;2;463;00, FAUBOURG (RUE DU );;;;570
200900010888;9;1;21;1305;1;2;1;1.0;6;555;185, AV JEAN RIEUX;;;;310
200900010917;9;5;30;1000;1;1;1;1.0;3;188;;A;0.0;0;80
200900010925;9;4;4;2100;1;2;1;1.0;3;85;45, PISSARO (RUE CAMILLE;;;;870
200900010933;9;4;10;1634;1;1;1;1.0;6;50;81, ARTHUGERAS ( RUE)RD1;;;;870
200900010945;9;4;16;1737;1;2;1;1.0;6;85;1, QUINET (RUE EDGAR);;;;870
200900010971;9;4;29;1600;1;2;1;1.0;3;65;RUE REVERT;M;4.0;0;270
200900010993;9;4;22;1815;1;1;3;7.0;1;69;D54/ROUTE DE BAUDOTTERIE;M;4.0;0;270
200900011009;9;4;24;1640;1;2;3;1.0;6;681;R SAINT MARCEL  STEINLEN;;;;270
200900011042;9;5;25;1715;1;1;1;1.0;6;81;;M;4.0;0;370
200900011089;9;5;28;1207;1;2;1;1.0;3;18;12, BEGON (RUE MICHEL);;;;410
200900011125;9;1;20;1230;1;2;1;1.0;2;176;route de GUEUGNON;M;4.0;0;710
200900011166;9;1;14;2015;5;2;3;5.0;3;153;., VERDUN (AVENUE DE);;;;710
200900011177;9;2;6;545;3;1;1;8.0;2;556;;M;4.0;0;710
200900011187;9;2;19;725;2;2;3;1.0;3;105;Allï¿½e de la Teppe/Grange;;;;710
200900011195;9;2;25;1415;1;2;1;1.0;1;342;15 rue Louis Desrichard;M;0.0;0;710
200900011205;9;2;7;630;5;2;1;2.0;3;28;PV, INTERSECTION RUES RO;M;4.0;0;670
200900011207;9;2;11;800;1;2;2;1.0;3;482;PV,INTER.R DE KOENIGSHOF;M;4.0;0;670
200900011218;9;2;12;750;1;2;1;9.0;3;482;SPV, RUE BADEN POWELL;M;4.0;0;670
200900011220;9;2;13;910;1;2;3;1.0;6;482;SPV, RUE DU BAN DE LA RO;M;4.0;0;670
200900011237;9;2;16;1825;4;2;2;4.0;6;447;SPV, 56 RUE GENERAL DE G;M;4.0;0;670
200900011239;9;2;18;1210;1;2;2;1.0;3;482;SPV, RUE DE L'ABREUVOIR;M;4.0;0;670
200900011243;9;2;24;2015;5;2;1;1.0;6;482;PV, 93 AVENUE DE COLMAR;M;4.0;0;670
200900011246;9;2;27;2320;5;2;1;1.0;3;482;SPV, 2 RUE MATTHIAS GRUN;M;4.0;0;670
200900011301;9;5;11;1046;1;1;6;1.0;3;4;NATIONALE 193;A;0.0;0;201
200900011320;9;4;18;1650;1;2;2;1.0;3;387;SIMART (RUE);;;;100
200900011336;9;5;17;1640;1;2;1;1.0;3;113;Les Terres Blanches;M;4.0;0;430
200900011358;9;5;14;1045;1;2;3;1.0;3;258;21 rue d'ensisheim;M;4.0;0;680
200900011365;9;5;17;1915;1;2;1;1.0;7;237;rue chanoine TROIS EPIS;M;4.0;0;680
200900011367;9;5;20;1800;1;2;3;1.0;3;145;Route de Neuf-Brisach;M;0.0;0;680
200900011371;9;5;23;1400;1;2;2;1.0;3;87;rue de Riespach;M;4.0;0;680
200900011373;9;5;26;1130;1;1;6;1.0;3;374;;M;4.0;0;680
200900011377;9;5;30;1319;1;2;6;1.0;3;66;NEUF BRISACH (ROUTE DE);;;;680
200900011381;9;5;30;1344;1;2;2;1.0;3;66;INGERSHEIM (ROUTE D');;;;680
200900011397;9;3;18;1630;1;2;1;1.0;3;218;PV, 7 RUE DE GUNSBACH;M;4.0;0;670
200900011403;9;3;25;1900;5;2;1;3.0;6;482;SPV, 40 ALLEE DE LA ROBE;M;4.0;0;670
200900011404;9;3;19;1800;1;2;2;1.0;3;482;SPV, ROUTE DE L'HOPITAL;M;0.0;0;670
200900011406;9;3;11;1640;1;2;1;1.0;6;482;SPV, ROUTE DU POLYGONE;M;0.0;0;670
200900011407;9;3;5;2115;5;2;2;2.0;3;482;SPV, QUAI DES ALPES;M;4.0;0;670
200900011409;9;3;20;810;1;2;3;1.0;6;482;SPV, RUE DE HOCHFELDEN;M;0.0;0;670
200900011416;9;3;30;2015;5;2;3;2.0;3;482;SPV, QUAI DES ALPES;M;4.0;0;670
200900011417;9;3;16;900;1;2;2;1.0;3;482;SPV, AVENUE DU GENERAL D;M;4.0;0;670
200900011418;9;3;20;750;1;2;3;1.0;6;447;PV, ROUTE DE BISCHWILLER;M;4.0;0;670
200900011419;9;3;30;845;1;2;2;1.0;3;482;PV, RUE DE KOENIGSHOFFEN;M;4.0;0;670
200900011420;9;3;10;1720;1;2;2;8.0;1;482;SPV, RUE DE LA NUEE BLEU;M;4.0;0;670
200900011424;9;3;16;1630;1;2;1;1.0;6;482;SPV, 21 BOULEVARD DE LA;M;4.0;0;670
200900011426;9;3;17;845;1;2;1;1.0;6;482;SPV, 2 ROUTE DES ROMAINS;M;4.0;0;670
200900011430;9;3;19;815;1;2;2;1.0;3;482;SPV, AVENUE D'ALSACE;M;4.0;0;670
200900011459;9;5;27;945;1;2;1;1.0;6;159;95 TER, PARIS (DE);;;;600
200900011461;9;5;7;605;2;2;2;1.0;3;57;NELSON MANDELA (AVENUE);;;;600
200900011463;9;5;6;1515;1;1;1;1.0;3;665;EUROPE (AVENUE DE L');;;;600
200900011469;9;5;15;1545;1;2;1;1.0;1;439;rue general Leclerc;M;0.0;0;600
200900011503;9;6;10;1310;1;1;4;2.0;2;159;WEYGAND (AV. DU GENERAL);;;;600
200900011536;9;6;3;1100;1;2;1;1.0;3;670;Rue de l'Angelene;M;0.0;0;600
200900011550;9;3;17;2120;3;2;1;1.0;3;555;999, BD LASCROSSES;;;;310
200900011552;9;3;20;1805;1;2;1;1.0;3;555;999, AV JEAN CHAUBET;;;;310
200900011561;9;3;4;1957;5;2;2;2.0;3;555;AV DU GENERAL EISENHOWER;;;;310
200900011574;9;3;12;1730;1;2;1;1.0;2;555;999, RTE DE NARBONNE;;;;310
200900011585;9;3;19;1715;1;2;1;1.0;3;555;999, RUE ALEXANDRE SOUME;;;;310
200900011586;9;3;26;1710;1;2;1;1.0;3;555;999, AV PAUL SEJOURNE;;;;310
200900011592;9;3;20;1600;1;2;1;1.0;3;555;999, ALL DU PRESIDENT RO;;;;310
200900011606;9;3;23;715;1;2;1;1.0;2;113;17 AV DU LAURAGAIS;M;4.0;0;310
200900011608;9;3;21;1615;1;1;3;1.0;3;478;;M;4.0;0;310
200900011620;9;3;12;1850;1;2;1;1.0;3;557;102, LARRAMET (CH DE);M;4.0;0;310
200900011624;9;3;14;1610;1;2;1;1.0;3;555;108, GRANDE RUE SAINT MI;;;;310
200900011658;9;5;7;1130;1;2;1;1.0;3;302;717 ANCIENNE RT CHARTRES;M;4.0;0;450
200900011661;9;5;10;1625;1;2;2;1.0;3;285;R AGATHES/AMETHYSTES;M;4.0;0;450
200900011664;9;5;21;1650;1;2;1;1.0;3;234;55, RIOBE (BOULEVARD GUY;M;4.0;0;450
200900011669;9;5;19;815;1;2;1;1.0;1;298;EUROPE (PONT DE L'EUROPE;M;4.0;0;450
200900011700;9;5;26;2000;1;2;3;1.0;3;134;PARISIS (RUE);M;4.0;0;280
200900011712;9;5;14;830;1;2;1;1.0;7;134;LECLERC (AVENUE DU GENER;M;4.0;0;280
200900011732;9;5;18;1730;1;2;1;1.0;1;280;AVENUE CHARLES DE GAULLE;M;4.0;0;280
200900011734;9;5;22;1330;1;2;4;1.0;3;88;D955 RUE DU COQ;M;4.0;0;280
200900011783;9;1;5;1550;1;2;3;1.0;3;318;VENANT DU CHN AUGUSTE A;;;;330
200900011806;9;1;12;1115;1;2;1;1.0;2;69;424, AVE DE LA LIBERATIO;;;;330
200900011807;9;1;12;1329;1;2;7;1.0;3;63;BD GODARD/PL RAVESIES;;;;330
200900011819;9;1;15;840;2;2;2;1.0;3;63;CRS SAINT LOUIS/CRS DU M;;;;330
200900011822;9;1;15;1920;5;2;6;1.0;3;63;CRS DUPRE DE SAINT MAUR/;;;;330
200900011840;9;1;20;800;2;2;4;2.0;3;318;AVE DU GAL LECLERC/RUE D;;;;330
200900011845;9;1;21;850;1;2;2;1.0;3;281;SORTIE PARKING MAGASIN A;;;;330
200900011848;9;1;22;1100;1;2;1;2.0;3;63;69, CRS D'ALBRET;;;;330
200900011855;9;1;26;800;2;2;6;2.0;6;522;MAL LECLERC/ALL PEIXOTTO;;;;330
200900011865;9;1;29;1350;1;2;1;1.0;6;63;33, CRS PASTEUR;;;;330
200900011866;9;1;30;930;1;2;2;1.0;3;63;RUE DU PALAIS GALLIEN/RU;;;;330
200900011872;9;1;22;742;1;2;1;3.0;3;529;104, DE GAULLE (AVE GAL);;;;330
200900011913;9;1;23;1400;1;2;1;1.0;3;63;PONT EN U;;;;330
200900011921;9;2;21;1130;1;1;3;1.0;3;312;;M;0.0;0;330
200900011949;9;2;8;1615;1;2;1;1.0;3;63;79, QUAI DES CHARTRONS;;;;330
200900011951;9;2;7;1500;1;2;2;1.0;3;318;AVE COLONEL ROBERT JACQU;;;;330
200900011960;9;2;3;820;1;2;1;1.0;3;522;351, CRS DE LA LIBERATIO;;;;330
200900011975;9;2;9;1415;1;2;2;1.0;3;550;RUE DU PROFESSEUR ARNOZA;;;;330
200900011987;9;2;24;1600;1;2;2;1.0;3;63;BD DU PRESIDENT WILSON;;;;330
200900012001;9;2;25;1930;5;2;1;1.0;3;318;AVE JEAN JAURES;;;;330
200900012011;9;2;20;1950;5;2;1;1.0;2;63;157, CRS DE LA SOMME;;;;330
200900012014;9;2;25;1640;1;2;6;1.0;3;550;00, BRETELLE SORTIE ROCA;;;;330
200900012042;9;2;10;1;5;2;2;6.0;3;63;BD DES FRERES MOGA;;;;330
200900012049;9;3;3;1245;1;2;1;1.0;3;529;40, PYLA (BD DU);;;;330
200900012063;9;3;13;1845;1;2;2;1.0;6;192;RUE DES ERABLES;;;;330
200900012089;9;3;9;1705;1;2;2;1.0;3;318;AVE DE BEUTRE;;;;330
200900012097;9;3;13;1510;1;2;2;1.0;3;63;159, RUE D'AUBIDEY;;;;330
200900012105;9;3;7;1300;1;2;2;1.0;3;63;192, AVE LOUIS BARTHOU C;;;;330
200900012109;9;3;9;1642;1;2;1;1.0;3;63;251, RUE MALBEC;;;;330
200900012113;9;3;11;755;1;2;3;1.0;3;281;AVE ARISTIDE BRIAND;;;;330
200900012124;9;3;20;1818;1;2;1;1.0;3;63;79, RUE GEORGES BONNAC;;;;330
200900012151;9;3;18;1745;3;2;1;1.0;2;312;Rue de Macau;M;4.0;-;330
200900012186;9;3;24;2005;5;2;3;1.0;3;39;RTE DE TOULOUSE;;;;330
200900012190;9;3;2;1915;2;2;2;1.0;3;69;RUE LANET;;;;330
200900012222;9;6;7;1045;1;1;1;2.0;3;81;;M;0.0;0;510
200900012245;9;6;14;250;5;2;1;1.0;2;261;JUIN (BOULEVARD DU MAREC;;;;370
200900012259;9;6;18;1715;1;2;1;1.0;1;74;RUE DES PELOUSES;M;0.0;0;370
200900012263;9;6;28;1000;1;1;1;7.0;1;52;;M;0.0;0;370
200900012272;9;2;4;1330;1;1;4;1.0;3;12;CONROS (ALLEE DE);A;0.0;0;150
200900012273;9;7;10;1235;1;2;5;1.0;3;116;29, BOULEVARD MURAT;;;;750
200900012294;9;7;1;930;1;2;5;1.0;3;117;118, BOULEVARD PEREIRE;;;;750
200900012316;9;7;1;1840;1;2;1;1.0;6;120;RUE DE MENILMONTANT;;;;750
200900012337;9;7;2;1330;1;2;1;1.0;3;114;9, RUE BREZIN;;;;750
200900012350;9;7;2;2045;1;2;1;1.0;7;101;18, RUE COQUILLIERE;;;;750
200900012353;9;7;3;10;5;2;1;1.0;6;113;66, BOULEVARD AUGUSTE BL;;;;750
200900012357;9;7;3;820;1;2;1;1.0;3;115;180, RUE LECOURBE;;;;750
200900012364;9;7;3;1600;1;2;1;1.0;2;112;ROUTE DAUPHINE;;;;750
200900012367;9;7;3;2115;1;2;1;1.0;6;112;176, RUE DE CHARENTON;;;;750
200900012379;9;7;4;1345;1;2;1;1.0;3;112;58, BOULEVARD DE REUILLY;;;;750
200900012386;9;7;4;2010;1;2;1;1.0;2;107;209, BOULEVARD SAINT GER;;;;750
200900012397;9;7;5;1600;1;2;5;1.0;3;117;01, BOULEVARD GOUVION SA;;;;750
200900012400;9;7;5;1700;1;2;1;1.0;6;114;04, BOULEVARD BRUNE;;;;750
200900012432;9;7;6;2100;2;2;1;8.0;2;111;11, AVENUE DE BOUVINES;;;;750
200900012450;9;7;7;1303;1;2;5;1.0;6;119;PLACE DE LA PORTE DE PAN;;;;750
200900012457;9;7;7;1815;1;2;5;1.0;6;102;23, RUE DE LA PAIX;;;;750
200900012465;9;7;7;2305;5;2;5;1.0;6;110;1, PLACE DE LA BATAILLE;;;;750
200900012467;9;7;8;820;1;2;3;2.0;3;119;82, BOULEVARD MACDONALD;;;;750
200900012468;9;7;8;840;1;2;1;2.0;7;108;2, RUE ALFRED DE VIGNY;;;;750
200900012475;9;7;8;945;1;2;1;1.0;6;113;PONT D AUSTERLITZ;;;;750
200900012505;9;7;9;1015;1;2;1;1.0;7;112;1, RUE DE PICPUS;;;;750
200900012506;9;7;9;1015;1;2;2;1.0;3;112;RUE DE PICPUS;;;;750
200900012517;9;7;9;1740;1;2;4;1.0;2;116;AVENUE FERDINAND BUISSON;;;;750
200900012520;9;7;9;2100;2;2;2;1.0;6;112;ROUTE DE BOURDON;;;;750