Num_Acc;an;mois;jour;hrmn;lum;agg;int;atm;col;com;adr;gps;lat;long;dep
200900021084;9;6;4;1110;1;2;3;1.0;3;234;QUAI ST LAURENT/R BARON;M;4.0;0;450
200900021124;9;6;25;806;1;2;3;1.0;2;4;R A.FRAPPIN/R ML JUIN;M;4.0;0;450
200900021129;9;6;27;1515;1;2;3;1.0;3;68;R E.LALO/R St JUST;M;4.0;0;450
200900021136;9;6;18;2310;5;2;1;2.0;4;284;276 RUE DE CHARBONNIERE;M;4.0;0;450
200900021144;9;6;29;2140;1;2;1;1.0;6;234;5 RUE ROMAIN ROLLAND;M;4.0;0;450
200900021145;9;6;21;1540;1;2;2;1.0;5;234;R ILLIERS/R LIMARE;M;4.0;0;450
200900021148;9;6;2;745;1;2;2;1.0;6;482;SPV,ROUTE OBERHAUSBERGEN;M;0.0;0;670
200900021155;9;6;15;1245;1;2;1;2.0;3;365;SPV, RUE DU 23 NOVEMBRE;M;0.0;0;670
200900021159;9;6;6;1858;1;2;1;1.0;3;482;SPV, PONT W. CHURCHILL;M;0.0;0;670
200900021161;9;6;10;1250;1;2;2;1.0;3;482;SPV,RUE STRAUSS DURKHEIM;M;0.0;0;670
200900021163;9;6;3;900;1;2;1;1.0;3;482;SPV,12 RUE SAINT GOTHARD;M;0.0;0;670
200900021164;9;6;12;855;1;2;3;1.0;3;447;SPV,ROUTE GEN. DE GAULLE;M;0.0;0;670
200900021165;9;6;11;2045;2;2;1;1.0;3;482;SPV18C R BAN DE LA ROCHE;M;0.0;0;670
200900021173;9;6;8;820;1;2;1;1.0;6;482;SPV,11BLD DE LA DORDOGNE;M;0.0;0;670
200900021175;9;6;13;1700;1;2;3;1.0;3;482;SPV, RUE DE LA LAMPROIE;M;0.0;0;670
200900021177;9;6;27;2145;2;2;3;1.0;3;522;PV,INTER R LIBERTE-MENUI;M;0.0;0;670
200900021183;9;6;30;830;1;2;1;1.0;1;389;PV, RUE DU MARKSTEIN;M;4.0;0;670
200900021194;9;6;28;1015;1;2;1;1.0;1;67;PV,32 R DU GAL DE GAULLE;M;4.0;0;670
200900021197;9;6;17;1200;1;2;7;1.0;3;28;PV, PARKING INTERMARCHE;M;4.0;0;670
200900021204;9;6;16;1550;1;2;2;1.0;3;482;SPV, RUE PLAINE BOUCHERS;M;0.0;0;670
200900021216;9;6;28;1750;1;2;1;1.0;1;447;SPV, RUE DU LANGUEDOC;M;0.0;0;670
200900021220;9;6;25;1545;1;2;1;1.0;2;482;PV,59 RUE JEAN GIRAUDOUX;M;0.0;0;670
200900021222;9;6;25;830;1;2;3;1.0;6;482;SPV, AV. MARSEILLAISE;M;0.0;0;670
200900021223;9;6;30;1045;1;2;2;1.0;3;482;SPV, QUAI LOUIS PASTEUR;M;0.0;0;670
200900021225;9;6;28;1850;1;2;3;1.0;3;482;SPV, RTE OBERHAUSBERGEN;M;0.0;0;670
200900021226;9;6;22;1625;1;2;1;3.0;6;482;SPV, RUE DE SEBASTOPOL;M;0.0;0;670
200900021240;9;6;30;1215;1;1;6;1.0;3;462;PV, ALLEE WESTRICH/RD-PT;M;4.0;0;670
200900021252;9;5;11;2000;1;2;1;1.0;6;386;37, MOULIN RUE DU;;;;590
200900021276;9;5;14;1745;1;2;1;1.0;6;378;HERRENGRIE RUE DE L;;;;590
200900021280;9;5;18;755;1;2;1;1.0;3;350;108, CAMBRAI RUE DE Nï¾°PA;;;;590
200900021287;9;5;23;950;1;1;1;1.0;3;512;LACORDAIRE;;;;590
200900021290;9;5;29;1940;1;2;1;1.0;3;368;250, DE GAULLE RUE DU GE;;;;590
200900021320;9;5;20;1350;1;2;2;1.0;3;350;DE COUBERTIN PIERRE BOUL;;;;590
200900021327;9;5;8;1000;1;2;1;1.0;6;636;001, YPRES RUE D;;;;590
200900021332;9;5;15;1830;1;1;3;1.0;1;512;ARTS (RUE DES);;;;590
200900021336;9;5;20;1530;1;2;1;1.0;3;9;202, JAURES JEAN RUE DU;;;;590
200900021338;9;5;23;1515;1;2;1;1.0;6;350;82, MATTEOTI RUE;;;;590
200900021343;9;5;10;1600;1;1;1;1.0;3;367;EUROPE (AVENUE DE L');;;;590
200900021344;9;5;22;1940;1;2;1;1.0;3;350;1028, DUNKERQUE AVENUE;;;;590
200900021350;9;5;3;1915;1;2;1;1.0;6;350;177, FAUBOURG DES POSTES;;;;590
200900021411;9;5;1;1458;1;2;3;1.0;3;172;., PETIT (R. LOUIS);;;;590
200900021417;9;5;17;1015;1;1;2;1.0;3;98;OBLARDS (CHEMIN DES);;;;590
200900021434;9;7;31;730;1;1;3;1.0;3;121;0, BORDENEUVE (CHEMIN DE;;;;820
200900021440;9;2;25;1630;1;1;1;1.0;7;320;;M;4.0;0;340
200900021471;9;2;4;1345;1;2;1;1.0;1;74;avenue de BEZIERS;M;4.0;0;340
200900021473;9;2;4;1640;1;2;3;1.0;1;32;24, MOULIN JEAN (AV);M;4.0;0;340
200900021521;9;2;19;1544;1;2;3;1.0;3;172;sans, SABATIER D'ESPEYRA;M;4.0;0;340
200900021544;9;5;7;1100;1;1;1;1.0;7;341;;M;0.0;0;240
200900021552;9;5;26;2000;2;2;1;1.0;3;340;Rue Jean MOULIN;M;4.0;0;240
200900021569;9;5;7;700;1;1;1;1.0;2;462;;M;4.0;0;240
200900021596;9;6;19;1415;1;1;1;1.0;3;103;;M;4.0;0;240
200900021614;9;7;25;1100;1;2;6;1.0;3;352;avenue lakanal;M;4.0;0;240
200900021615;9;7;27;1130;1;1;1;1.0;6;410;;M;0.0;0;240
200900021627;9;7;17;1200;1;1;1;2.0;1;563;;M;4.0;0;240
200900021638;9;6;19;1737;1;2;3;1.0;3;18;GENTILS (BOULEVARD RENE);M;4.0;0;410
200900021644;9;7;29;1830;1;1;2;1.0;1;235;;M;4.0;0;410
200900021651;9;7;5;1015;1;1;1;1.0;7;230;;;;;410
200900021661;9;7;3;1650;1;2;2;1.0;3;18;PONT JACQUES GABRIEL;M;4.0;0;410
200900021662;9;7;27;1845;1;2;1;1.0;3;18;PONT JACQUES GABRIEL;M;4.0;0;410
200900021690;9;4;16;1630;1;2;1;1.0;1;345;C401/RD357;M;0.0;0;720
200900021704;9;4;23;1445;1;1;1;1.0;3;58;;M;0.0;0;720
200900021718;9;7;11;1115;1;2;1;1.0;1;236;LE VILLAGE-VERGONS;M;4.0;0;40
200900021726;9;7;30;1700;1;1;1;1.0;1;244;;M;4.0;0;40
200900021746;9;7;28;1200;1;1;1;1.0;6;208;;M;4.0;0;320
200900021761;9;4;15;1525;1;2;6;1.0;3;160;RD116;;;;800
200900021774;9;4;6;1745;1;2;1;1.0;3;21;00, JULES FERRY (CHAUSSE;;;;800
200900021811;9;4;26;1435;1;2;2;1.0;3;724;TAISNIL (ROUTE DE);;;;800
200900021812;9;4;26;1535;1;2;1;1.0;7;21;0, DE LA HOTOIE (ESPLANA;;;;800
200900021815;9;4;29;2015;1;1;1;1.0;3;148;;M;0.0;0;800
200900021817;9;4;30;1620;1;2;3;1.0;3;21;00, FAUVETTES (RUE DES);;;;800
200900021831;9;5;9;1930;1;2;1;1.0;7;181;44, PORT A L'ABBESSE (RU;;;;720
200900021853;9;5;28;1830;1;2;1;1.0;3;299;RUE DE ROCHEFORT;M;0.0;0;720
200900021863;9;5;5;1715;1;2;1;6.0;3;151;00, PONT VICTOR HUGO;;;;380
200900021873;9;5;30;1930;1;2;3;1.0;3;185;00, RUE LESDIGUIï¿½RES;;;;380
200900021888;9;5;28;1745;1;2;1;1.0;5;332;339 rue de la Republique;M;0.0;0;380
200900021921;9;5;30;55;3;1;1;1.0;2;185;99 VOIE NON IDENTIFIEE;;;;380
200900021923;9;5;6;2150;5;2;1;1.0;3;185;00, RUE DE L'ALMA;;;;380
200900021925;9;5;30;1630;1;2;1;1.0;3;181;PLACE DE L'EGLISE;M;0.0;0;380
200900021953;9;6;22;1845;1;2;2;1.0;1;300;RUE DES BOULEAUX;M;0.0;0;720
200900021956;9;6;24;1200;1;2;1;1.0;1;62;rue de la Ferte Bernard;M;4.0;0;720
200900021975;9;7;28;1800;1;2;2;1.0;3;176;ESPALION (ROUTE D');;;;120
200900022025;9;7;8;1920;1;2;4;1.0;3;201;50, PASTEUR ( RUE );;;;530
200900022026;9;7;28;1730;1;1;6;1.0;3;130;0, RN 162;;;;530
200900022034;9;8;7;1730;1;2;1;1.0;3;97;RUE DU GENERAL DE GAULLE;M;4.0;-;530
200900022054;9;6;12;1630;1;2;1;1.0;6;47;rue de la pompe;M;4.0;0;300
200900022061;9;6;16;1800;1;2;1;1.0;1;274;CD 904;M;4.0;0;300
200900022107;9;6;2;1230;1;2;2;1.0;3;189;SAINT GILLES (ROUTE);M;4.0;0;300
200900022141;9;8;10;1755;1;2;1;1.0;1;454;98 rue de neufchatel;;;;510
200900022157;9;8;31;1415;1;1;1;1.0;2;599;;M;0.0;0;510
200900022183;9;7;19;1100;1;1;1;1.0;3;135;;M;4.0;0;720
200900022222;9;5;12;1830;1;2;2;1.0;3;184;1, MOUZIMPRE (CHEMIN DE);;;;540
200900022238;9;5;18;1615;1;2;1;1.0;3;372;RD10;M;4.0;0;540
200900022247;9;5;24;1605;1;2;1;1.0;6;528;37, DROUAS;;;;540
200900022253;9;5;25;1730;1;2;6;1.0;3;498;1, DE GAULLE (AVENUE DU;;;;540
200900022263;9;5;28;1900;1;2;1;1.0;1;557;CHEMIN DE LA POSTE;M;4.0;0;540
200900022266;9;5;31;1630;1;2;2;1.0;3;305;10 RUE DE NANCY;M;0.0;0;540
200900022286;9;7;20;1915;1;2;1;1.0;3;365;PLACE DU PONT;M;4.0;0;520
200900022294;9;7;26;1501;1;2;1;1.0;6;448;03, RUE GODARD JEANSON;M;4.0;0;520
200900022297;9;7;13;1730;1;1;1;1.0;1;121;CHEMIN CHATEAU-PAILLOT;M;4.0;0;520
200900022337;9;7;15;1656;1;2;1;1.0;1;7;00, GRAND MONTREJEAU;;;;490
200900022344;9;7;9;1510;1;2;2;1.0;6;7;CANTENAY EPINARD ROUTE;;;;490
200900022375;9;7;26;1107;1;2;1;1.0;7;7;0, GAULLE BOULEVARD CHAR;;;;490
200900022418;9;5;19;940;1;2;3;1.0;6;474;route de reims;;;;510
200900022425;9;8;21;1730;1;2;1;1.0;1;154;Bd de la Republique;M;4.0;-;720
200900022447;9;8;14;745;1;2;1;1.0;7;181;DEMORIEUX ENTRE PT CHEM;;;;720
200900022449;9;8;14;1745;1;2;1;1.0;6;181;56, COMPAIN-LAURENT (RUE;;;;720
200900022459;9;8;31;1815;1;2;1;1.0;1;132;rue robert surmont;M;4.0;0;720
200900022497;9;7;29;1540;1;2;2;1.0;1;56;2, GARE D'EAU AV.  DE LA;;;;250
200900022525;9;5;22;1820;1;2;1;1.0;3;1;RUE HENRI BECQUEREL;;;;610
200900022540;9;6;17;2015;1;1;1;1.0;7;127;;M;4.0;0;460
200900022599;9;7;11;1900;1;1;1;1.0;1;112;;M;4.0;0;700
200900022634;9;3;14;515;5;2;1;1.0;3;69;29, TROIS COURONNES;;;;110
200900022640;9;3;24;1500;1;2;1;1.0;3;266;Bd Francis Vals, College;M;4.0;0;110
200900022760;9;3;23;1345;1;2;1;1.0;1;79;Avenue Gal de Gaulle;M;4.0;0;60
200900022761;9;3;19;800;1;2;1;1.0;1;57;bd du docteur roux;M;0.0;0;60
200900022841;9;3;6;1415;1;2;1;1.0;3;4;RD6098;;;;60
200900022863;9;3;23;1445;1;2;1;1.0;3;88;33, FOCH (AV. MARECHAL);;;;60
200900022870;9;3;15;1130;1;2;1;1.0;7;69;x, LIBERATION (AVENUE DE;;;;60
200900022900;9;3;19;1330;1;2;1;1.0;7;161;avenue de la liberation;M;0.0;0;60
200900022933;9;6;15;1655;1;2;2;1.0;3;10;SOMMEILLER/54, FICHET;;;;740
200900022965;9;8;6;1316;1;2;9;1.0;3;191;RUE DE PIERRE;;;;790
200900022968;9;8;26;1845;1;2;3;1.0;3;191;105 RUE DE RIBRAY;;;;790
200900022978;9;4;1;1120;1;2;2;1.0;6;262;1, CHANZY (RUE);;;;110
200900023015;9;5;2;1630;1;1;1;1.0;1;91;;M;0.0;0;110
200900023042;9;5;25;1830;1;2;1;1.0;3;69;46, LANGEVIN PAUL - IMPA;;;;110
200900023047;9;5;8;642;5;2;1;1.0;7;107;., LE PORT (ROGER BOULEV;;;;560
200900023056;9;5;4;1325;1;2;1;1.0;3;121;., KERJULAUDE ( RUE DE );M;4.0;-;560
200900023066;9;5;6;1830;1;1;6;1.0;1;158;;M;4.0;-;560
200900023067;9;5;10;1215;1;1;2;1.0;1;240;;M;0.0;0;560
200900023093;9;5;27;810;1;2;2;1.0;3;121;., GUIEYSSE (RUE  PAUL );M;4.0;-;560
200900023112;9;6;2;1413;1;2;6;7.0;3;98;., LECLERC (RUE  GENERAL;M;4.0;-;560
200900023115;9;6;7;1653;1;2;3;1.0;3;121;., KERPAPE (RUE  DE );M;4.0;-;560
200900023116;9;6;10;1755;1;2;1;1.0;6;260;., GERBAULT(RUE ALAIN);;;;560
200900023118;9;6;2;1507;1;2;1;7.0;3;121;01, MERVILLE (RUE  JEAN;M;4.0;-;560
200900023119;9;6;4;1559;1;2;2;1.0;2;121;., BLUM ( BD LEON );M;4.0;-;560
200900023121;9;6;14;1526;1;2;1;1.0;2;121;27, MONISTROL (RUE);M;4.0;-;560
200900023122;9;6;1;1820;1;2;1;1.0;6;83;., MARTYRS ( QUAI DES );;;;560
200900023132;9;6;27;1945;1;1;1;1.0;2;81;;M;0.0;0;560
200900023144;9;6;19;1823;1;2;2;1.0;3;98;., HOEDIC (RUE  DE );M;4.0;-;560
200900023146;9;6;19;1630;1;2;6;1.0;3;121;., JACOB ( RP. MAX );M;4.0;-;560
200900023153;9;6;30;1809;1;2;1;1.0;7;121;10 CARNOT (RUE  LAZARE;M;4.0;-;560
200900023161;9;8;31;1230;1;1;1;1.0;1;167;;M;4.0;0;430
200900023188;9;8;27;1000;1;1;1;1.0;7;38;x;M;4.0;0;430
200900023191;9;8;22;1610;1;2;1;1.0;6;41;DUPUY (avenue CHARLES);;;;430
200900023196;9;1;16;810;5;2;1;1.0;6;646;112 BD DE LA REINE;M;4.0;0;780
200900023203;9;4;29;1907;5;2;3;1.0;6;431;COTE CHADEVEE (CHEMIN DE;;;;540
200900023207;9;4;7;805;1;2;1;1.0;6;395;82, ISABEY (RUE);;;;540
200900023233;9;4;20;1640;1;1;1;1.0;5;300;112, PATTON (RUE DU GENE;;;;540
200900023301;9;6;20;1527;1;2;1;1.0;6;85;0, BUXEROLLES (RUE DE);;;;870
200900023312;9;6;28;1752;1;1;1;1.0;3;75;RN 21;;;;870
200900023318;9;6;4;1024;1;2;1;1.0;6;85;157, LATTRE-DE-TASSIGNY;;;;870
200900023332;9;3;16;1810;2;2;4;1.0;1;565;SAINT JEAN (AVENUE);;;;310
200900023347;9;6;10;800;1;2;1;1.0;6;547;1, CREVIC (RUE DE);;;;540
200900023359;9;6;22;850;1;2;1;1.0;2;395;1, ISABEY (RUE);;;;540
200900023368;9;6;24;1830;1;1;1;1.0;6;395;3, FOUCOTTE (RUE DE LA);;;;540
200900023418;9;7;15;1723;1;2;1;1.0;7;114;12, CARNOT (AVENUE PRESI;;;;870
200900023425;9;7;2;2340;5;2;1;1.0;6;85;4, STALINGRAD (PLACE);;;;870
200900023429;9;7;12;15;5;2;9;1.0;6;113;9, PAQUERETTES (ALLEE DE;;;;870
200900023443;9;7;8;1317;1;2;1;1.0;6;75;22, REPUBLIQUE (AVENUE D;;;;870
200900023452;9;7;8;1605;1;2;1;1.0;6;85;86, FEYTIAT (RUE DE);;;;870
200900023458;9;7;4;1137;2;2;1;1.0;3;85;6, SCHUMAN (BOULEVARD RO;;;;870
200900023466;9;8;19;1445;1;2;2;1.0;3;131;AVENUE JEAN MOULIN;;;;870
200900023481;9;8;20;1806;1;2;1;1.0;6;85;9, ENEIDE (RUE DE L');;;;870
200900023495;9;8;2;1658;1;2;3;1.0;7;85;67, LABUSSIERE (AVENUE E;;;;870
200900023496;9;8;6;1440;1;2;1;1.0;6;85;BOURNEVILLE (RUE DE);;;;870
200900023506;9;8;14;845;1;1;1;1.0;6;48;CHAMBON (LIEU DIT LE GUE;;;;870
200900023514;9;8;1;1000;1;1;1;1.0;6;247;;M;4.0;0;201
200900023543;9;8;19;2200;5;2;1;1.0;1;4;MEZZAVIA ROUTE DE;M;4.0;0;201
200900023589;9;2;17;1800;1;2;1;1.0;3;423;2 R DE CHAMBERY;M;4.0;0;780
200900023625;9;2;26;910;1;1;2;1.0;3;498;BON ROI ST LOUIS/MIGNEAU;M;4.0;0;780
200900023667;9;7;15;945;1;2;1;1.0;3;454;ave du general giraud;;;;510
200900023673;9;8;23;1440;1;2;2;1.0;3;454;rue GOIOT;;;;510
200900023680;9;4;21;1800;1;1;1;1.0;1;136;;M;4.0;-;220
200900023688;9;4;8;1345;1;2;6;2.0;3;360;Rond Point de BREZILLET;;;;220
200900023691;9;4;26;1700;1;2;1;2.0;7;278;Passag sout G Apollinair;;;;220
200900023721;9;7;15;1920;1;1;1;1.0;7;29;1, SALBERT (RUE DU);;;;900
200900023724;9;7;20;1205;1;2;3;1.0;3;10;12, FRANCE BOULEVARD ANA;;;;900
200900023730;9;7;27;530;2;2;1;1.0;6;10;FRANCE BOULEVARD ANATOLE;;;;900
200900023731;9;7;27;1150;1;2;3;1.0;3;99;TURENNE (RUE DE);;;;900
200900023739;9;7;4;1928;1;2;1;1.0;3;10;38, VESOUL (RUE DE);;;;900
200900023748;9;3;17;737;1;2;3;1.0;2;362;sans, MONGE RUE;;;;260
200900023753;9;3;20;750;1;2;1;1.0;6;281;Ignore, BERTHELOT (AVENU;;;;260
200900023787;9;6;11;1800;1;2;6;1.0;2;1;1, MONTBELIARD (ROUTE DE;;;;900
200900023807;9;6;27;1820;1;2;3;1.0;3;1;1, BOTANS (RUE DE);;;;900
200900023819;9;5;16;1230;1;1;1;1.0;3;140;;M;0.0;0;202
200900023851;9;6;19;1030;1;2;1;1.0;3;120;sans, TOUTES RUES;;;;202
200900023884;9;5;20;1115;1;1;1;1.0;2;130;;M;0.0;0;800
200900023915;9;5;27;1240;1;2;2;1.0;3;21;, VICOMTE DE BRAGELONNE;;;;800
200900023932;9;7;4;1430;1;2;2;1.0;3;323;avenue de la liberte;M;4.0;0;100
200900023940;9;7;11;1145;1;2;2;1.0;6;387;1, REPUBLIQUE (RUE DE LA;;;;100
200900023942;9;7;16;2050;1;2;1;1.0;2;387;136, CHOMEDEY DE MAISONN;;;;100
200900023944;9;7;22;545;2;2;2;1.0;3;387;CHOMEDEY DE MAISONNEUVE;;;;100
200900024026;9;7;14;810;1;2;1;1.0;2;37;SANS, TOUTES RUES;;;;202
200900024100;9;8;19;845;1;2;1;1.0;7;8;chemin de la Massane;M;0.0;0;660
200900024107;9;8;12;1105;1;2;1;1.0;6;136;24, CLEMENCEAU (BOULEVAR;;;;660
200900024123;9;5;28;1630;1;2;9;1.0;6;300;DAUPHINE  AVENUE DE LA P;;;;170
200900024124;9;5;27;1518;1;2;1;1.0;6;300;QUATORZE JUILLET   AVENU;;;;170
200900024135;9;5;5;2020;1;2;9;1.0;3;300;SOLE   RUE DE LA;;;;170
200900024138;9;5;13;1700;1;2;1;1.0;6;300;CORSAIRES   AVENUE DES (;;;;170
200900024140;9;5;1;1715;1;2;1;1.0;3;274;PINCHON   AVENUE LOUISE;;;;170
200900024141;9;5;11;1905;1;2;1;1.0;2;28;3-5, CLEMENCEAU   BOULEV;;;;170
200900024143;9;5;12;930;1;2;1;1.0;6;300;03, MONET   RUE CLAUDE;;;;170
200900024157;9;5;29;1710;1;2;3;1.0;3;274;AMBOISE   RUE D';;;;170
200900024163;9;5;10;1030;1;2;1;1.0;7;449;174490003, ALSACE LORRAI;;;;170
200900024164;9;5;5;1720;1;2;6;1.0;3;299;172990037, BEGON ROND PO;;;;170
200900024187;9;5;4;1630;1;2;6;1.0;2;434;Rue du beurre;M;0.0;0;170
200900024199;9;5;13;1830;1;1;2;1.0;3;264;;M;4.0;-;170
200900024216;9;5;23;1810;1;2;1;1.0;7;299;172990304, PREVERT RUE J;;;;170
200900024265;9;6;4;1810;1;2;6;1.0;3;21;, ALLONVILLE (ROUTE D');;;;800
200900024283;9;7;1;1831;1;2;3;1.0;7;261;98, CHEVALLIER (RUE AUGU;;;;370
200900024287;9;6;5;1400;1;2;1;1.0;6;300;2, COGNEHORS   BOULEVARD;;;;170
200900024289;9;6;3;1041;1;2;1;1.0;2;300;92, GRASSET   AVENUE EDM;;;;170
200900024293;9;6;15;1420;1;2;1;1.0;2;300;1, JARS   RUE DES;;;;170
200900024305;9;6;2;1615;1;1;1;1.0;2;391;;M;4.0;-;170
200900024318;9;6;2;1345;1;2;1;1.0;7;299;172990375, ZOLA RUE EMIL;;;;170
200900024319;9;6;11;700;1;2;1;1.0;1;299;172990171, GIRAL RUE;;;;170
200900024332;9;6;17;1010;1;2;1;1.0;6;300;18, MAIL   ALLEE DU;;;;170
200900024334;9;6;18;1445;1;2;1;1.0;6;300;CHAMP DE MARS   AVENUE D;;;;170
200900024339;9;6;9;1210;1;2;3;1.0;6;299;172990215, LECLERC RUE D;;;;170
200900024346;9;6;23;1350;1;2;1;1.0;6;300;29, PALAIS   RUE DU;;;;170
200900024350;9;6;1;930;1;2;1;1.0;3;333;0, DULIN  (AVENUE DU PRE;;;;170
200900024354;9;6;12;2015;1;2;1;1.0;3;415;Route Nationale 150;;;;170
200900024372;9;6;24;700;1;2;6;1.0;3;415;DICONCHE;;;;170
200900024376;9;6;19;830;1;2;1;1.0;6;261;GRANDIERE (RUE DE LA);;;;370
200900024388;9;7;7;1430;1;1;2;1.0;3;520;SPV;M;4.0;0;670
200900024390;9;7;31;1215;1;2;1;1.0;3;192;SPV, RUE DE LA FORET;M;4.0;0;670
200900024395;9;7;11;1715;1;2;1;1.0;2;268;PV,INTER R MOZART-GEISPO;M;4.0;0;670
200900024396;9;7;20;1615;1;1;9;1.0;1;296;PV;M;4.0;0;670
200900024402;9;7;2;2110;2;2;3;1.0;6;482;SPV, BOULEVARD D'ANVERS;M;0.0;0;670
200900024412;9;7;6;1930;1;2;3;1.0;3;482;SPV, RUE ALFRED PICARD;M;0.0;0;670
200900024413;9;7;4;945;1;2;3;1.0;3;482;SPV, ROUTE DU POLYGONE;M;0.0;0;670
200900024416;9;7;6;1830;1;2;1;1.0;6;482;SPV,CANAL DE LA MARNE AU;M;0.0;0;670
200900024418;9;7;4;1220;1;2;2;1.0;3;482;SPV, QUAI DES BATELIERS;M;0.0;0;670
200900024424;9;7;17;1415;1;2;2;2.0;3;218;SPV, ROUTE D'ESCHAU;M;0.0;0;670
200900024428;9;7;28;2050;2;2;1;1.0;6;482;SPV, 21 CONSEIL DES 15;M;0.0;0;670
200900024429;9;7;19;1540;1;2;2;1.0;3;482;SPV, RUE DE PERIGUEUX;M;0.0;0;670
200900024431;9;7;29;2040;1;2;2;1.0;3;482;SPV, ROUTE DU NEUHOF;M;0.0;0;670
200900024435;9;7;21;1410;1;2;2;1.0;3;482;SPV, BLD PIERRE PFLIMLIN;M;0.0;0;670
200900024437;9;7;22;1758;1;2;2;1.0;3;482;SPV, RUE DES DUCS;M;0.0;0;670
200900024438;9;7;24;1735;1;2;1;1.0;3;482;SPV, 27 AV. JEAN JAURES;M;0.0;0;670
200900024439;9;7;30;1750;1;2;9;1.0;6;482;SPV, AVENUE DE COLMAR;M;0.0;0;670
200900024440;9;7;20;825;1;2;3;2.0;3;482;SPV, BOULEVARD DE DRESDE;M;0.0;0;670
200900024443;9;7;31;2200;5;2;3;1.0;6;482;SPV, RUE DE DUNTZENHEIM;M;0.0;0;670
200900024447;9;7;21;1859;1;2;1;1.0;3;482;SPV, 1A RUE OBERLIN;M;0.0;0;670
200900024453;9;7;13;1345;1;2;2;1.0;3;482;SPV, RUE MONTAGNE VERTE;M;0.0;0;670
200900024454;9;7;15;1530;1;2;1;1.0;3;482;SPV, AVENUE DANTE;M;0.0;0;670
200900024459;9;7;31;1600;1;2;3;1.0;6;447;SPV, RUE D'ERSTEIN;M;0.0;0;670
200900024465;9;7;4;505;3;2;1;1.0;7;261;COURTELINE (RUE GEORGES);;;;370
200900024468;9;7;8;213;5;2;1;9.0;7;261;COMMERCE (RUE DU);;;;370
200900024471;9;3;20;1320;1;2;1;1.0;6;1;8, BD STRASBOURG;M;4.0;0;610
200900024473;9;2;6;1820;3;2;3;2.0;7;121;21, RUE JULES MASSENET;M;4.0;0;520
200900024487;9;7;9;1830;1;1;1;1.0;6;49;;M;4.0;0;300
200900024489;9;7;11;945;1;1;1;1.0;1;269;;M;4.0;0;300
200900024507;9;7;20;1245;1;2;2;1.0;1;133;Rue de l'egalite;M;0.0;0;300
200900024519;9;7;31;1000;1;2;1;1.0;5;34;100 RUE D ARLES;M;4.0;0;300
200900024521;9;7;20;1430;1;1;1;1.0;2;272;;M;4.0;0;300
200900024555;9;7;19;2005;1;2;1;1.0;3;32;FARCIENNES (AV. DE);M;4.0;0;300
200900024587;9;9;7;925;1;2;1;1.0;6;181;PADERBORN (AV) Nï¾° PAIRS;;;;720
200900024607;9;9;19;645;5;2;1;1.0;2;181;RUAUDIN (RUE) Nï¾° IMP 191;;;;720
200900024609;9;9;22;1130;1;2;1;1.0;6;181;141, JAURES JEAN (AV) Nï¾°;;;;720
200900024635;9;7;30;1730;1;1;1;7.0;5;296;;M;0.0;0;170
200900024639;9;7;8;1700;1;2;1;1.0;6;300;0001, PERES   RUE DU PAR;;;;170
200900024640;9;7;15;1605;1;2;1;1.0;3;300;SAUTEL  BOULEVARD ANDRE;;;;170
200900024641;9;7;11;1950;1;2;1;1.0;2;300;LECLERC   AVENUE DU GENE;;;;170
200900024644;9;7;15;1335;1;2;1;1.0;1;300;26, GAMBETTA   AVENUE;;;;170
200900024662;9;7;30;1250;1;2;1;1.0;6;300;BECQUEREL   AVENUE HENRI;;;;170
200900024665;9;7;16;1250;1;2;1;1.0;6;300;14, PEROT  RUE SAINT JEA;;;;170
200900024667;9;7;17;1700;1;2;3;1.0;3;300;001, CHEF DE BAIE   RUE;;;;170
200900024671;9;7;8;1810;1;2;6;1.0;3;299;172990383, PREE DES CANO;;;;170
200900024673;9;7;9;1945;1;2;1;1.0;6;306;0, FRONT DE MER (PROMENA;;;;170
200900024674;9;7;14;950;1;2;1;1.0;3;306;52BIS, BAILLET (BD COLON;;;;170
200900024675;9;7;1;1630;1;2;1;1.0;2;333;0, DUBOISERIE (DE LA);;;;170
200900024695;9;7;15;2000;1;1;1;1.0;3;337;;M;0.0;0;170
200900024697;9;7;20;1220;1;2;1;1.0;3;380;0, EXPRESS (VOIE);;;;170
200900024704;9;7;24;1;5;2;3;1.0;3;333;COCA (DU);;;;170
200900024746;9;7;2;2002;1;2;3;1.0;3;285;R ONZE OCTOBRE/B.MILLION;M;4.0;0;450
200900024752;9;7;18;1830;1;2;1;2.0;3;169;R VAL ORLEANS - PROX COU;M;4.0;0;450
200900024762;9;6;25;1110;1;2;1;1.0;3;121;38, RUE ALPHANDERY;M;4.0;0;520
200900024767;9;6;4;1300;1;2;1;1.0;2;306;16, LOGE (RUE DE LA);;;;710
200900024790;9;6;18;1545;1;2;1;1.0;2;294;N?  2  Grande rue;M;0.0;0;710
200900024797;9;6;26;1015;1;1;1;1.0;3;59;., C.D. 984;;;;710
200900024814;9;8;5;1130;1;1;1;1.0;5;249;ROUTE DE GRISELLES;M;4.0;0;450
200900024861;9;8;31;2038;2;2;3;1.0;3;68;R ST JUST/EDOUARD LALO;M;4.0;0;450
200900024864;9;7;8;2023;1;2;1;1.0;6;261;MASSENET (PLACE JULES);;;;370
200900024867;9;7;10;305;5;2;1;1.0;7;261;HALLES (RUE DES);;;;370