Num_Acc;an;mois;jour;hrmn;lum;agg;int;atm;col;com;adr;gps;lat;long;dep
200900024872;9;7;10;1040;1;2;6;1.0;3;122;153, CHINON (BOULEVARD D;;;;370
200900024879;9;7;15;1810;1;2;1;1.0;2;483;BOULEVARD HUGO VICTOR;M;4.0;-;640
200900024884;9;6;30;1300;1;2;1;1.0;1;218;SANS, MAUNOURY (CITE JEA;M;4.0;0;280
200900024889;9;7;17;600;5;2;1;1.0;2;348;4, BD CHARLES DE GAULLE;M;4.0;-;640
200900024934;9;7;1;1855;1;2;1;1.0;6;220;SANS, LIBERTE (RUE DE LA;M;4.0;0;280
200900024940;9;7;24;1715;1;2;1;1.0;3;220;SANS, LIBERTE (RUE DE LA;;;;280
200900024956;9;7;21;23;5;2;1;1.0;7;261;HEURTELOUP (BOULEVARD);;;;370
200900024967;9;7;23;1000;1;2;1;1.0;6;261;JAURES (PLACE JEAN);;;;370
200900024975;9;7;24;1345;1;2;1;1.0;3;261;23, PINGUET GUINDON (RUE;;;;370
200900024977;9;7;25;1622;1;2;1;1.0;7;208;OISELET (RUE DE L');;;;370
200900024978;9;7;28;1113;1;2;3;1.0;3;445;8, AV HENRY RUSSEL;M;4.0;-;640
200900024999;9;7;30;1603;1;2;1;1.0;7;24;56,  RUE HENRI RENERIC;M;4.0;-;640
200900025008;9;3;9;1400;1;2;6;1.0;1;79;Tanes Basses/Pdt Wilson;M;4.0;0;340
200900025041;9;3;13;1210;1;2;1;1.0;7;3;NOTRE DAME A ST. MARTIN;M;4.0;0;340
200900025050;9;3;17;1330;1;1;1;1.0;2;3;RD612;;;;340
200900025056;9;3;27;1335;1;2;1;1.0;2;3;GENTILSHOMMES (H16 A L17;M;4.0;0;340
200900025062;9;3;6;1810;2;2;9;1.0;2;172;VANIERES (AVENUE DE);M;4.0;0;340
200900025067;9;3;6;1400;1;2;1;8.0;7;172;40, GRASSET (AVENUE DU P;M;4.0;0;340
200900025077;9;3;13;850;1;2;1;1.0;3;172;646, ALCO (RUE D';M;4.0;0;340
200900025094;9;3;23;927;1;2;1;1.0;2;172;sans, SABATIER D'ESPEYRA;;;;340
200900025157;9;8;31;1830;1;1;1;1.0;6;159;Rd 1031;;;;600
200900025159;9;3;3;1500;1;2;1;1.0;7;60;VENDEE GLOBE (BOULEVARD;M;4.0;-;850
200900025163;9;3;18;1915;2;2;3;1.0;3;194;CHARCOT (RUE DU DOCTEUR);M;4.0;-;850
200900025164;9;3;23;1600;1;1;1;1.0;3;194;BONNE VIERGE (RUE DE LA);M;4.0;-;850
200900025166;9;4;6;155;5;2;1;1.0;3;194;64, CLEMENCEAU (PROMENAD;M;4.0;-;850
200900025171;9;4;26;1135;1;2;1;1.0;4;60;44, BEAUSEJOUR (RUE);;;;850
200900025208;9;3;19;1105;1;2;2;1.0;3;517;RUE GAMBETTA/RUE DUBUC;M;4.0;0;780
200900025215;9;3;20;1508;1;2;2;1.0;1;498;BD ROBESPIERRE/R ST SEB;M;4.0;0;780
200900025245;9;3;26;552;3;2;1;1.0;6;401;R GAMBETTA;M;4.0;0;780
200900025270;9;3;21;1700;1;2;3;1.0;3;624;160  R PAUL DOUMER;M;4.0;0;780
200900025308;9;8;31;1605;1;2;1;1.0;2;424;253 RUE DE LA GARE;M;4.0;0;880
200900025312;9;8;5;1055;1;2;2;1.0;3;383;CAR THIERS/R 5 ET 15 BCP;M;4.0;0;880
200900025313;9;6;13;1700;1;2;1;1.0;1;425;08 QUAI PHILIPPE BOUHEY;M;4.0;0;210
200900025318;9;6;17;1615;1;1;1;1.0;2;714;;M;0.0;0;210
200900025327;9;6;16;848;1;2;1;1.0;3;231;6, MURIERS (DES) (RUE);;;;210
200900025337;9;6;3;801;1;2;6;1.0;3;278;DOCTEUR MAJNONI D'INTIGN;;;;210
200900025345;9;6;29;1654;1;2;3;1.0;3;617;GENERAL CANZIO (DU) (AVE;;;;210
200900025354;9;6;5;807;1;2;4;1.0;2;231;66, LONGVIC (DE) (RUE);;;;210
200900025358;9;6;13;1000;1;2;1;1.0;2;231;21, VICTOR HUGO (AVENUE);;;;210
200900025361;9;6;18;847;1;2;1;1.0;2;231;13, JEAN JAURES (AVENUE);;;;210
200900025374;9;6;12;1730;1;2;2;7.0;1;62;Les chenes des Bergeres;M;4.0;0;190
200900025379;9;6;16;935;1;2;1;1.0;1;31;HUGO (AVENUE VICTOR);M;4.0;0;190
200900025382;9;6;21;1230;1;2;1;1.0;3;31;72, ALVITRE (AVENUE ABBE;M;4.0;0;190
200900025400;9;7;5;1100;1;2;6;1.0;1;408;route d'AHUY;M;4.0;0;210
200900025406;9;7;25;2000;1;2;1;1.0;1;38;rue du Colonel Redoutey;M;4.0;0;210
200900025409;9;7;27;745;1;1;1;1.0;2;473;;M;4.0;0;210
200900025425;9;7;16;1908;1;2;3;7.0;3;231;13, JEAN XXIII (RUE);;;;210
200900025426;9;7;17;832;1;2;7;2.0;2;231;2, GRANGIER (PLACE);;;;210
200900025427;9;7;20;1027;1;2;7;1.0;2;231;THEATRE (DU) (PLACE);;;;210
200900025430;9;7;30;802;1;2;6;1.0;3;231;NATION (DE LA) (ROND POI;;;;210
200900025433;9;7;28;1716;1;2;1;1.0;3;231;27, CARNOT (BOULEVARD);;;;210
200900025443;9;8;10;1152;1;2;3;2.0;3;231;DALLAS (DE) (AVENUE);;;;210
200900025444;9;8;8;2050;1;2;1;1.0;3;231;16, POUILLY (PETITE RUE);;;;210
200900025445;9;8;15;1425;1;2;2;7.0;3;231;10, DE LA FONTAINE DES S;;;;210
200900025447;9;8;3;1413;1;2;1;1.0;6;231;88, LIBERTE (DE LA) (RUE;;;;210
200900025459;9;8;26;1647;1;2;1;1.0;2;231;HOPITAL (DE L') (RUE);;;;210
200900025462;9;8;28;1125;1;2;6;1.0;3;231;GENERAL FAUCONNET (DU) (;;;;210
200900025463;9;8;19;1037;1;2;2;1.0;3;231;96, CHENOVE (DE) (RUE);;;;210
200900025464;9;8;22;2307;5;2;1;1.0;7;166;110, MAXIME GUILLOT (RUE;;;;210
200900025470;9;8;16;129;5;2;1;1.0;2;166;VALENDONS (DES) (BOULEVA;;;;210
200900025474;9;8;26;1604;1;2;1;1.0;2;231;2, GUSTAVE EIFFEL (AVENU;;;;210
200900025487;9;6;13;955;1;2;1;1.0;3;555;221, AV DE LARDENNE;;;;310
200900025499;9;6;14;335;5;2;1;1.0;2;555;17, BD LASCROSSES;;;;310
200900025502;9;6;2;20;5;2;1;1.0;3;555;69, BD LAZARE CARNOT;;;;310
200900025563;9;6;18;848;1;2;1;1.0;6;555;999, PL DU PARLEMENT;;;;310
200900025567;9;6;16;1614;1;2;1;1.0;6;555;36, ALL CHARLES DE FITTE;;;;310
200900025578;9;6;24;745;1;2;3;1.0;1;557;1, LARDENNE (AV DE) DU 1;M;4.0;0;310
200900025583;9;8;6;1400;1;2;2;1.0;6;7;ARAGO BOULEVARD;;;;490
200900025584;9;8;15;1910;1;2;1;1.0;7;7;24, SAUMUROISE IMPASSE E;;;;490
200900025586;9;8;5;1712;1;2;3;1.0;7;7;0, PICOTIERE;;;;490
200900025601;9;8;6;1345;1;1;3;1.0;3;374;;M;0.0;0;490
200900025611;9;8;17;1045;1;2;6;1.0;3;92;ROND POINT ZC DU CHALET;M;0.0;0;490
200900025617;9;8;29;1856;1;2;3;1.0;2;7;0, CARNOT;;;;490
200900025621;9;8;26;1830;1;2;2;1.0;3;7;0, VILLEMORGE;;;;490
200900025624;9;8;29;1002;1;2;3;1.0;3;7;0, BEL AIR;;;;490
200900025625;9;8;17;1151;1;2;2;1.0;2;353;173, JEAN JAURES RUE;;;;490
200900025630;9;8;28;1345;1;2;6;1.0;6;328;SANS, SENATORERIE (PLACE;;;;490
200900025643;9;3;19;830;1;2;1;1.0;1;13;33 Avenue de Techeney;M;0.0;0;330
200900025649;9;7;9;1100;1;2;6;1.0;1;341;86, RUE DES PLATANES;M;4.0;0;310
200900025655;9;7;29;1845;1;1;1;1.0;3;584;;M;4.0;0;310
200900025659;9;7;1;2200;2;2;1;1.0;6;179;;M;4.0;0;310
200900025697;9;7;17;150;5;2;1;2.0;3;555;26, RUE THEODORE OZENNE;;;;310
200900025700;9;7;30;1540;1;2;1;1.0;3;555;60 BIS, RUE DE METZ;;;;310
200900025704;9;7;24;1025;1;2;1;1.0;3;555;999, PONT PIERRE DE COUB;;;;310
200900025705;9;7;2;2137;5;2;1;1.0;3;555;999, CHE DE BAGATELLE;;;;310
200900025719;9;7;13;1052;1;2;3;1.0;3;483;JOUBE ROMUALD (SQUARE);M;4.0;0;310
200900025744;9;6;19;1900;1;2;2;1.0;3;252;JULES CESAR (CHAUSSEE);;;;950
200900025779;9;6;25;2115;1;2;1;1.0;3;18;Avenue Marcel CACHIN;M;4.0;0;950
200900025782;9;6;22;510;5;2;2;1.0;6;18;Rue de la rï¿½pulique;M;4.0;0;950
200900025784;9;6;30;1755;1;2;1;1.0;7;18;MARTYRS DE CHATEAUBRIANT;M;4.0;0;950
200900025789;9;6;17;1115;1;2;1;1.0;3;491;JAURES (RUE JEAN);M;4.0;0;950
200900025792;9;6;18;1045;1;2;1;1.0;2;306;8 MAI 1945 (BOULEVARD;M;4.0;0;950
200900025804;9;6;25;1355;1;2;1;1.0;6;176;15, APPOLINAIRE (SQUARE;M;4.0;0;950
200900025810;9;6;29;1830;1;2;1;1.0;3;313;Rue de BEAUMONT;M;4.0;0;950
200900025852;9;8;25;1420;1;2;3;1.0;6;15;10 place des HALLES;M;4.0;0;160
200900025853;9;1;2;1215;1;1;1;1.0;2;208;;M;0.0;0;580
200900025873;9;2;16;1345;1;2;1;1.0;2;194;SANS, LOUISE MICHEL;;;;580
200900025893;9;4;4;1440;1;2;1;1.0;3;194;10, JEAN JAURES;;;;580
200900025897;9;4;7;2010;2;2;1;2.0;7;194;CROIX JOYEUSE (CARREFOUR;;;;580
200900025921;9;6;1;1300;1;2;6;1.0;3;194;Sans, PONT CIZEAU;;;;580
200900025950;9;7;15;1920;1;2;1;1.0;3;194;PISSEROTTE (BOULEVARD);;;;580
200900025952;9;7;15;1705;1;2;3;1.0;3;194;Sans, DOCKS;;;;580
200900025954;9;7;22;355;5;2;1;2.0;7;194;sans, CHEMIN DE FER;;;;580
200900025976;9;9;17;750;1;2;1;1.0;2;194;CHAMP DE FOIRE AUX MOUTO;;;;580
200900025991;9;8;13;1350;1;2;9;1.0;3;482;SPV, CHEMIN DU HEYRITZ;M;0.0;0;670
200900025995;9;8;5;1850;1;2;1;1.0;1;482;SPV, RUE D'ALTORF;M;0.0;0;670
200900025997;9;8;10;1300;1;2;3;1.0;3;482;SPV, RUE D'OSTWALD;M;0.0;0;670
200900026006;9;8;22;1430;1;2;1;1.0;1;331;SPV, ROUTE DE BRUMATH;M;4.0;0;670
200900026016;9;8;8;1700;1;2;9;1.0;3;507;PV, RUE DE BREITENAU;M;4.0;0;670
200900026019;9;8;25;1715;1;2;1;2.0;7;1;PV, ROUTE DE HOLTZHEIM;M;0.0;0;670
200900026029;9;8;24;2205;5;2;1;1.0;6;43;SPV, FACE 1B R ROBERTSAU;M;0.0;0;670
200900026037;9;8;20;10;5;2;1;1.0;6;482;SPV, RUE BOECKLIN;M;0.0;0;670
200900026041;9;8;21;1;5;2;1;1.0;3;43;SPV, RUE DU MARAIS;M;0.0;0;670
200900026042;9;8;27;1620;1;2;1;1.0;1;482;SPV, RUE DE SEBASTOPOL;M;0.0;0;670
200900026043;9;8;27;1520;1;2;1;1.0;3;482;SPV,13 ROUTE DU POLYGONE;M;0.0;0;670
200900026045;9;8;19;1140;1;2;1;1.0;6;482;SPV,10 RUE SAINT MAURICE;M;0.0;0;670
200900026046;9;8;28;1015;1;2;1;1.0;3;482;SPV, 32 RUE OBERELSAU;M;0.0;0;670
200900026047;9;8;28;1645;1;2;1;1.0;6;482;SPV,231RTE OBERHAUSBERG.;M;0.0;0;670
200900026050;9;8;28;1850;1;2;1;1.0;1;482;SPV, IMPASSE KIEFER;M;0.0;0;670
200900026058;9;8;20;2020;1;2;1;1.0;3;482;SPV, RUE DE SAALES;M;0.0;0;670
200900026060;9;8;24;830;1;2;3;1.0;3;482;SPV, RUE DES NARCISSES;M;0.0;0;670
200900026066;9;4;24;1615;1;1;6;1.0;3;406;;M;0.0;0;600
200900026091;9;8;11;1945;1;2;1;1.0;2;555;999, PONT GIORDANO BRUNO;;;;310
200900026092;9;8;10;1800;1;2;6;1.0;3;555;999, CHE DE CHANTELLE;;;;310
200900026093;9;8;3;1632;1;2;1;1.0;3;555;60, CHE DE CROIX BENITE;;;;310
200900026128;9;8;21;1030;1;2;3;1.0;3;451;ROUTE DE ST FERREOL;M;4.0;0;310
200900026131;9;8;20;1845;1;2;6;1.0;1;157;ROND POINT SUPER U;M;4.0;0;310
200900026136;9;8;25;2000;1;2;1;1.0;2;555;41, RUE D ALSACE LORRAIN;;;;310
200900026149;9;8;11;2020;1;2;1;1.0;1;557;38, PIC DE LA GELA (RUE;;;;310
200900026150;9;8;28;715;2;2;1;1.0;6;557;4-6, LABITRIE (RUE PIERR;M;4.0;0;310
200900026151;9;8;19;945;1;2;1;1.0;2;483;34, FRANCOIS MITTERAND (;M;4.0;0;310
200900026163;9;7;25;1715;1;2;1;1.0;6;413;50 RUE D'ALSACE;M;4.0;0;880
200900026179;9;8;16;815;1;2;1;7.0;1;208;PR 63 + 017;M;4.0;0;120
200900026196;9;9;23;1830;1;1;1;1.0;1;378;;M;0.0;0;880
200900026215;9;4;3;1011;1;2;1;1.0;7;281;NEANT, JAURES JEAN (PLAC;;;;260
200900026233;9;4;25;1400;1;1;6;1.0;3;323;;M;4.0;0;260
200900026241;9;4;11;1400;1;1;1;8.0;2;72;;M;4.0;0;260
200900026243;9;4;23;1550;1;2;1;1.0;6;362;53, ALPES RUE DES;;;;260
200900026253;9;4;18;1540;1;1;1;1.0;2;198;SAUZET (ROUTE );;;;260
200900026254;9;4;9;1730;1;2;6;1.0;6;281;JAURES JEAN (PLACE);M;4.0;0;260
200900026255;9;4;7;1445;1;1;9;1.0;3;166;;M;4.0;0;260
200900026276;9;7;21;1015;1;2;1;1.0;6;46;;M;0.0;0;400
200900026281;9;9;3;2047;5;2;1;1.0;3;108;29 RUE CHEVALIER;;;;510
200900026282;9;9;8;1810;1;2;3;1.0;3;108;1 AVENUE DE LA GARE;;;;510
200900026288;9;9;3;1118;1;2;1;1.0;2;230;AVENUE PAUL CHANDON;;;;510
200900026289;9;9;10;1715;1;1;1;1.0;1;12;;M;0.0;0;510
200900026312;9;9;22;1000;1;2;1;7.0;1;140;42 RUE DU CAPITAINE CHES;M;0.0;0;510
200900026348;9;9;29;1615;1;1;1;1.0;7;256;;M;0.0;0;430
200900026349;9;8;2;1703;1;2;1;1.0;1;10;1, DANJOUTIN (RUE DE);;;;900
200900026356;9;8;16;1117;1;1;1;1.0;3;65;;M;0.0;0;900
200900026364;9;8;22;1801;1;2;1;1.0;3;10;FRANCE BOULEVARD ANATOLE;;;;900
200900026371;9;1;11;1015;1;2;1;1.0;3;149;999, COLLONGUES (RUE ETI;;;;310
200900026373;9;1;19;730;5;2;3;1.0;3;149;999, ALLENDE (AVENUE SAL;;;;310
200900026413;9;7;4;1915;1;2;1;1.0;6;294;avenue des citronniers;M;4.0;-;850
200900026422;9;7;13;1945;1;2;6;1.0;3;113;CHEMIN DE LA DETOURNE;M;0.0;0;850
200900026424;9;7;15;1030;1;2;6;1.0;3;226;rd pt de la jeunesse;M;4.0;-;850
200900026425;9;7;16;1245;1;2;6;1.0;3;1;AVENUE AMIRAL COURBET;M;0.0;0;850
200900026437;9;3;12;1055;1;2;6;1.0;7;149;999, CALVET (BOULEVARD E;;;;310
200900026458;9;6;10;830;1;2;1;1.0;3;151;2, AVENUE DE LA Rï¿½PUBLIQ;;;;380
200900026459;9;6;9;1950;1;2;1;1.0;6;185;21, AVENUE ALSACE LORRAI;;;;380
200900026461;9;6;13;1845;1;2;1;1.0;6;169;00, BOULEVARD JOLIOT-CUR;;;;380
200900026465;9;6;11;1700;1;2;3;1.0;3;185;AVENUE Fï¿½LIX VIALLET;;;;380
200900026467;9;6;9;2130;5;2;4;1.0;3;151;00, AVENUE DES ï¿½TATS Gï¿½N;;;;380
200900026471;9;6;9;1000;1;2;1;1.0;3;151;00, AVENUE DE GRUGLIASCO;;;;380
200900026482;9;6;27;45;3;1;1;1.0;2;11;;M;4.0;0;380
200900026504;9;6;3;715;1;1;1;1.0;1;353;;M;4.0;0;380
200900026508;9;6;2;1815;1;1;1;1.0;1;288;;M;0.0;0;380
200900026534;9;6;25;730;1;2;2;1.0;3;185;00, 99 VOIE NON IDENTIFI;;;;380
200900026535;9;6;26;1435;1;2;2;1.0;3;185;00, AVENUE Lï¿½ON BLUM;;;;380
200900026537;9;6;25;1725;1;2;1;1.0;3;516;00, BOULEVARD DE LA CHAN;;;;380
200900026555;9;9;22;1110;1;2;6;1.0;7;159;, CROIX-ROUGE (CARREFOUR;;;;600
200900026571;9;9;7;1830;1;2;7;1.0;3;584;PLACE DE LA REPUBLIQUE;M;0.0;0;600
200900026586;9;9;9;1345;1;2;3;1.0;1;39;Rue d'amiens;M;0.0;0;600
200900026589;9;9;28;1930;1;1;1;1.0;1;162;;M;0.0;0;600
200900026616;9;4;20;1310;1;2;3;1.0;3;387;0, PARADIS (RUE DU);;;;890
200900026624;9;4;22;1830;1;2;1;1.0;1;483;Route des Fontaines;M;0.0;0;890
200900026658;9;10;2;745;5;2;4;1.0;3;119;BOULEVARD DE LA COMMANDE;;;;750
200900026665;9;10;2;1015;1;2;5;1.0;6;109;33, RUE NOTRE DAME DE LO;;;;750
200900026674;9;10;2;1620;1;2;1;1.0;6;107;91, RUE DE SEVRES;;;;750
200900026675;9;10;2;1620;1;2;1;1.0;7;106;128, RUE DE RENNES;;;;750
200900026698;9;10;4;1700;1;2;2;1.0;6;110;BOULEVARD DE MAGENTA;;;;750
200900026706;9;10;5;715;2;2;2;2.0;3;108;RUE DE L ARCADE;;;;750
200900026707;9;10;5;750;2;2;2;2.0;3;112;AVENUE DE SAINT MAURICE;;;;750
200900026716;9;10;5;915;1;2;2;2.0;3;112;RUE DE PICPUS;;;;750
200900026761;9;10;1;1215;1;2;2;1.0;6;106;26, RUE DE SEVRES;;;;750
200900026772;9;10;1;1810;1;2;3;1.0;6;105;6, RUE DES CARMES;;;;750
200900026790;9;10;3;1249;1;2;5;1.0;3;116;89, AVENUE DE LA GRANDE;;;;750
200900026792;9;10;3;1425;1;2;1;1.0;3;115;47, BOULEVARD DE GRENELL;;;;750
200900026797;9;10;3;1618;1;2;3;1.0;6;101;206, RUE DE RIVOLI;;;;750
200900026805;9;10;3;2100;5;2;1;1.0;6;106;135, BOULEVARD DU MONTPA;;;;750
200900026834;9;10;6;1310;1;2;1;2.0;3;116;94, AVENUE VICTOR HUGO;;;;750
200900026862;9;10;7;1430;1;2;3;1.0;3;119;QUAI DE L OISE;;;;750
200900026879;9;10;9;1630;1;2;1;2.0;4;120;110, RUE DE BELLEVILLE;;;;750
200900026882;9;10;9;1745;1;2;1;8.0;2;113;23, BOULEVARD ARAGO;;;;750
200900026903;9;10;9;1450;1;2;5;1.0;3;117;11, PLACE DE CLICHY;;;;750
200900026906;9;10;9;1615;1;2;5;1.0;6;109;BOULEVARD HAUSSMANN;;;;750
200900026919;9;10;8;1300;1;2;1;8.0;3;110;37, BOULEVARD DE MAGENTA;;;;750
200900026932;9;10;11;237;5;2;3;1.0;3;112;PLACE LACHAMBEAUDIE;;;;750
200900026935;9;10;11;1640;1;2;2;1.0;2;104;1, RUE SAINT MARTIN;;;;750
200900026955;9;10;10;1200;1;2;4;1.0;3;116;29, RUE DU DOCTEUR BLANC;;;;750
200900026960;9;10;10;1435;1;2;1;1.0;7;120;RUE DES PYRENEES;;;;750
200900026978;9;10;12;835;1;2;1;1.0;6;120;10, RUE LE VAU;;;;750
200900026985;9;10;12;1150;1;2;1;1.0;3;116;95, RUE MICHEL ANGE;;;;750
200900027010;9;10;13;945;1;2;2;1.0;3;111;BOULEVARD VOLTAIRE;;;;750
200900027016;9;10;13;1140;1;2;1;1.0;2;112;2, RUE CHARLES BAUDELAIR;;;;750
200900027030;9;10;13;2030;5;2;1;1.0;3;103;37, BOULEVARD DU TEMPLE;;;;750
200900027036;9;10;14;835;1;2;5;1.0;3;119;RUE CURIAL;;;;750
200900027037;9;10;14;855;1;2;2;1.0;3;111;95, AVENUE PHILIPPE AUGU;;;;750
200900027053;9;10;14;1630;1;2;1;1.0;6;119;140, BOULEVARD DE LA VIL;;;;750
200900027059;9;10;14;2125;5;2;2;1.0;6;103;339, RUE SAINT MARTIN;;;;750
200900027060;9;10;14;2125;5;2;1;1.0;6;115;91, RUE DU COMMERCE;;;;750
200900027071;9;10;15;805;1;2;1;1.0;6;120;RUE MENDELSSOHN;;;;750
200900027118;9;10;18;1640;1;2;5;1.0;3;108;PLACE CHARLES DE GAULLE;;;;750
200900027130;9;10;16;855;1;2;3;8.0;2;115;1, RUE LINOIS;;;;750
200900027132;9;10;16;927;1;2;3;1.0;3;101;PONT NEUF;;;;750
200900027149;9;10;16;1720;1;2;5;1.0;6;103;60, RUE REAUMUR;;;;750
200900027159;9;10;17;115;3;2;1;2.0;1;118;8, RUE MARX DORMOY;;;;750
200900027198;9;10;20;915;1;2;1;1.0;3;112;62, BOULEVARD DIDEROT;;;;750
200900027223;9;10;19;1500;1;2;1;1.0;2;113;168, BOULEVARD MASSENA;;;;750
200900027229;9;10;19;1600;1;2;1;1.0;2;105;89, BOULEVARD SAINT MICH;;;;750
200900027269;9;10;21;910;1;2;3;2.0;3;106;QUAI DES GRANDS AUGUSTIN;;;;750
200900027289;9;10;21;1600;1;2;3;2.0;6;105;RUE BERTHOLLET;;;;750
200900027294;9;10;21;1745;1;2;1;2.0;2;106;PONT NEUF;;;;750
200900027312;9;10;23;1125;1;2;1;8.0;7;110;188, QUAI DE VALMY;;;;750
200900027329;9;10;23;2305;3;2;2;1.0;1;101;RUE SAINT HONORE;;;;750
200900027338;9;10;24;930;1;2;2;2.0;3;117;29, AVENUE DE LA PORTE D;;;;750
200900027343;9;10;24;1115;1;2;2;2.0;3;110;138, RUE LA FAYETTE;;;;750
200900027366;9;10;25;945;1;2;1;1.0;3;110;23, RUE DU BUISSON SAINT;;;;750
200900027374;9;10;25;320;5;2;1;1.0;2;118;54, RUE DE LA CHAPELLE;;;;750
200900027375;9;10;25;1150;1;2;5;1.0;3;118;72, BOULEVARD DE LA CHAP;;;;750
200900027396;9;10;27;1900;5;2;3;1.0;1;111;BOULEVARD DE MENILMONTAN;;;;750
200900027412;9;10;26;1254;1;2;2;1.0;3;115;24, BOULEVARD VICTOR;;;;750
200900027425;9;10;28;852;1;2;1;1.0;3;110;4, BOULEVARD DE STRASBOU;;;;750
200900027451;9;10;29;155;5;2;5;1.0;7;107;0, BOULEVARD RASPAIL;;;;750
200900027453;9;10;29;948;1;2;3;1.0;6;115;RUE LECOURBE;;;;750
200900027484;9;10;30;1355;1;2;4;1.0;6;104;2, RUE CRILLON;;;;750
200900027510;9;10;31;1600;1;2;2;1.0;7;106;139, BOULEVARD RASPAIL;;;;750
200900027516;9;10;3;1835;1;2;1;1.0;3;112;ROUTE ROYALE DE BEAUTE;;;;750
200900027524;9;8;15;1715;1;1;3;1.0;3;121;0, RD 820;;;;820
200900027527;9;8;25;1855;1;1;1;1.0;6;121;1426, BOURDENS (CHEMIN D;;;;820
200900027528;9;8;27;1830;1;2;6;1.0;6;121;0, MANDOUNE (ROND POINT;;;;820
200900027531;9;5;18;1800;1;2;1;3.0;3;557;., MARQUISAT (AV DU);M;4.0;0;310
200900027537;9;7;28;2255;5;2;5;1.0;3;53;NS, EUROPE ( CARREFOUR D;M;4.0;0;10
200900027562;9;6;2;1620;1;2;2;1.0;1;387;0, VERDUN (BOULEVARD DE);;;;890
200900027574;9;6;18;1815;1;2;1;1.0;1;25;route de Meluzien;M;0.0;0;890
200900027618;9;9;24;1140;1;2;6;1.0;6;121;0, 19 AOUT 1944 ( AVENUE;;;;820
200900027632;9;2;2;1430;1;1;1;8.0;2;122;;M;0.0;0;290
200900027655;9;2;23;700;5;2;2;1.0;7;19;., TROMEUR;;;;290
200900027660;9;2;23;1345;1;2;1;1.0;3;19;12, LE GORGEU (Nï¾°29 (TOT;;;;290
200900027665;9;3;19;1850;1;2;2;1.0;1;232;., DOUARNENEZ ROUTE DE;;;;290
200900027694;9;3;7;1815;1;2;6;1.0;3;165;route de Pont l'Abbe;M;0.0;0;290
200900027709;9;4;3;1133;1;2;1;1.0;3;19;27, FREGATE L'INCOMPRISE;;;;290
200900027718;9;4;23;1700;1;2;2;1.0;3;19;., PORTE (DE 1 A 75 ET 2;;;;290
200900027729;9;4;22;1345;1;1;1;1.0;3;177;;M;4.0;-;290
200900027733;9;4;7;1130;1;1;1;1.0;1;199;;M;4.0;-;290
200900027769;9;5;15;900;1;1;6;1.0;1;105;;M;4.0;-;290
200900027772;9;5;28;1415;1;2;6;1.0;3;210;Route de St Pol;M;0.0;0;290
200900027802;9;8;8;1515;1;1;1;1.0;2;320;;M;4.0;0;270
200900027833;9;8;28;1315;1;2;2;1.0;3;56;R G LE CONQUERANT DELAMO;M;4.0;0;270
200900027840;9;8;31;840;1;2;1;1.0;5;229;8, BLD PRï¿½SIDENT ALLENDE;M;4.0;0;270
200900027846;9;7;2;1210;1;2;1;1.0;3;31;MASSENAT (RUE ELIE);M;4.0;0;190
200900027889;9;7;7;600;1;2;1;2.0;7;182;RUE DE LIEBENSWILLER;M;0.0;0;680
200900027890;9;7;7;757;1;2;3;1.0;3;224;SCHWARTZ (RUE HENRI);;;;680
200900027891;9;7;7;1753;1;2;1;1.0;6;224;20, GARE CENTRALE;;;;680
200900027895;9;7;10;1011;1;2;2;2.0;3;66;INGERSHEIM (ROUTE D');;;;680
200900027897;9;7;13;1144;1;2;1;1.0;6;224;05, KENNEDY (AVENUE DU P;;;;680
200900027904;9;7;27;1552;1;1;1;1.0;2;66;BALE ( ROUTE DE);;;;680
200900027908;9;7;20;1242;1;2;3;1.0;3;224;SCHUMAN (AVENUE ROBERT);;;;680
200900027909;9;7;19;1814;1;2;1;1.0;5;66;2, DE GAULLE (AVENUE DU;;;;680
200900027955;9;7;16;1600;1;2;6;1.0;1;474;rond point Jean Prevost;M;0.0;0;380
200900027957;9;7;29;945;1;1;1;1.0;1;556;;M;4.0;0;380
200900027960;9;7;8;1700;1;2;1;1.0;1;558;CD 36;M;4.0;0;380
200900027972;9;7;26;1110;1;2;1;1.0;3;185;9, BOULEVARD CLEMENCEAU;;;;380
200900027974;9;7;30;1600;1;2;3;1.0;3;421;00, BOULEVARD DULCIE SEP;;;;380
200900028002;9;9;16;2345;5;2;1;2.0;3;345;AVENUE DU 8 MAI 1945;M;0.0;0;890
200900028015;9;5;30;1715;1;1;1;7.0;1;222;;M;0.0;0;220
200900028030;9;5;20;1445;1;2;2;1.0;3;2;Crx TOUBLANC/Ch BELLEVUE;M;0.0;0;220
200900028048;9;5;22;1400;1;2;6;1.0;7;278;Pla BARATOUX/R. BARATOUX;;;;220
200900028056;9;5;13;740;1;1;1;1.0;7;278;Bd SEVIGNE;;;;220
200900028067;9;5;24;1900;1;1;2;1.0;3;205;BON ESPOIR;M;0.0;0;220
200900028097;9;7;27;1434;1;2;1;1.0;3;387;EUROPE (AVENUE DE L');;;;890
200900028136;9;8;30;1420;1;2;2;1.0;3;387;0, MARNE (AVENUE DE LA);;;;890
200900028158;9;4;4;1215;1;2;1;1.0;1;492;127 ROUTE DE DIEUE;M;4.0;0;550
200900028199;9;7;3;1820;1;2;4;1.0;3;21;00, HIPPODROME (AVENUE D;;;;800