Num_Acc;an;mois;jour;hrmn;lum;agg;int;atm;col;com;adr;gps;lat;long;dep
200900028208;9;7;10;1320;1;2;1;1.0;3;21;210, PARIS (RUE DE);;;;800
200900028220;9;8;13;1900;1;2;6;1.0;3;47;boulevard JEAN VVIII;M;4.0;-;850
200900028225;9;8;14;1745;1;2;6;7.0;1;234;Rue des Sables;M;0.0;0;850
200900028236;9;8;25;915;1;2;1;1.0;1;164;Avenue de la Mer;M;4.0;-;850
200900028244;9;8;28;1900;1;2;1;1.0;3;113;149 rue ker pierre borny;M;4.0;-;850
200900028268;9;6;11;1415;1;1;3;1.0;3;113;;M;4.0;0;260
200900028279;9;6;27;2145;5;2;1;8.0;6;281;LAPASSAT ETIENNE J. (BOU;;;;260
200900028281;9;6;23;1530;1;2;7;1.0;6;281;NEANT, JAURES JEAN (PLAC;;;;260
200900028302;9;9;10;1200;1;2;6;1.0;3;234;av. de la Mer;M;4.0;-;850
200900028306;9;9;22;1700;1;2;1;1.0;1;19;16 RUE DE L OCEAN;M;0.0;0;850
200900028313;9;9;21;1545;1;1;1;1.0;7;178;;M;0.0;0;850
200900028319;9;9;28;815;2;2;1;7.0;4;51;rue voltaire;M;0.0;0;850
200900028353;9;2;3;835;1;2;1;1.0;7;312;40, ALBERT SARRAULT (RUE;;;;910
200900028370;9;2;10;1900;5;2;4;1.0;3;228;., BEAUVOIR (AVENUE DE );;;;910
200900028371;9;2;11;930;1;2;1;1.0;3;477;MAURICE BERTEAUX (RUE);;;;910
200900028372;9;2;11;1101;1;2;1;1.0;7;477;0, THEOPHILE GAUTHIER (R;;;;910
200900028379;9;2;16;1630;1;2;1;1.0;2;201;CROIX DE L'ERMITAGE(ROUT;;;;910
200900028465;9;3;5;1630;1;2;1;1.0;7;645;0, BIEVRES (ROUTE DE);;;;910
200900028499;9;3;11;1520;1;2;3;1.0;3;570;25, SAINT SAENS (RUE);;;;910
200900028536;9;3;30;1810;1;2;1;1.0;3;377;32, BASCH (RUE VICTOR);;;;910
200900028543;9;8;3;1425;1;2;3;1.0;3;283;62, FRANCE (RUE A. DU 1/;M;4.0;0;10
200900028573;9;9;25;1415;1;2;1;1.0;3;53;NS, STAND ( RUE DU );;;;10
200900028577;9;9;28;945;1;1;1;1.0;2;303;;M;0.0;0;10
200900028585;9;9;28;1715;1;2;1;1.0;2;43;2025 route de Geneve;M;0.0;0;10
200900028586;9;9;13;1045;1;1;1;1.0;1;95;;M;4.0;0;10
200900028594;9;9;30;1915;1;1;6;1.0;3;451;ROCADE NORD;;;;10
200900028621;9;2;26;1700;1;1;1;7.0;1;268;;M;4.0;0;690
200900028629;9;2;15;1500;1;1;1;1.0;1;214;;M;0.0;0;690
200900028669;9;2;3;1920;5;2;1;1.0;6;386;4, RUE VENDOME;;;;690
200900028712;9;2;28;1610;1;2;1;1.0;7;385;2, MONTEE DU CHEMIN NEUF;;;;690
200900028722;9;2;27;830;1;2;3;1.0;3;141;CD 63 - Le Rosseon;M;0.0;0;690
200900028742;9;7;4;1830;1;2;2;1.0;3;219;rue du general DECAEN;M;4.0;0;950
200900028746;9;7;4;855;1;2;2;1.0;3;426;PARIS (Rue de);M;4.0;0;950
200900028747;9;7;8;805;1;2;1;8.0;2;607;DIVISION-LECLERC (AVENUE;M;4.0;0;950
200900028764;9;7;26;1700;1;2;1;1.0;3;199;avenue du lycee;M;4.0;0;950
200900028766;9;7;24;720;1;2;1;1.0;2;306;rue Gï¿½nï¿½ral De Gaulle;M;4.0;0;950
200900028767;9;7;16;1105;1;2;1;1.0;2;607;145, MARECHAL FOCH (RUE;M;4.0;0;950
200900028771;9;7;19;1900;1;2;1;1.0;1;555;ORGEVAL (AVENUE D');M;4.0;0;950
200900028785;9;7;19;1405;1;2;6;1.0;7;176;JOFFRE (BOULEVARD);M;4.0;0;950
200900028802;9;7;20;1545;1;1;2;2.0;3;70;LES RIVIERES;M;4.0;-;610
200900028803;9;7;21;915;1;1;1;1.0;3;168;;M;4.0;-;610
200900028818;9;7;5;1130;1;1;1;1.0;2;261;;M;4.0;0;740
200900028824;9;7;2;1950;1;2;1;1.0;6;10;., ALBIGNY (AVE);;;;740
200900028848;9;7;23;2330;3;1;1;1.0;7;24;ROUTE DE CHEZ JEANDET;M;4.0;0;740
200900028856;9;7;27;1100;1;2;1;1.0;6;176;547 rue St Bernard;M;0.0;0;740
200900028862;9;7;26;1110;1;2;6;1.0;6;218;rue8mai1945/paysGavot;;;;740
200900028879;9;2;21;1810;2;2;9;1.0;7;21;8, LA FONTAINE (JEAN DE);;;;810
200900028915;9;3;31;1710;1;2;1;1.0;2;1;/, THOLONET (SENTIER DU);;;;130
200900028972;9;3;4;1350;1;2;6;2.0;3;1;/, CIBLE (AV DE LA);;;;130
200900029008;9;3;18;1425;1;1;1;1.0;1;56;RD 49 APPEL;M;4.0;0;130
200900029042;9;3;23;730;1;2;3;1.0;1;2;390, ESPRIT JULIEN (CHEM;;;;130
200900029176;9;3;14;2100;5;2;1;1.0;3;55;141, HAMBOURG (BOULEVARD;;;;130
200900029221;9;3;13;1920;5;2;3;1.0;3;388;AVENUE ROCKEFELLER;;;;690
200900029250;9;3;5;1400;1;2;1;1.0;7;382;19, RUE THOMASSIN;;;;690
200900029259;9;3;8;730;1;2;6;1.0;3;152;x, MURIERS (DES);;;;690
200900029267;9;3;10;850;1;2;1;1.0;6;29;0, AVENUE CAMILLE ROUSSE;;;;690
200900029271;9;3;11;745;1;2;3;1.0;3;259;0, BOULEVARD MARCEL SEMB;;;;690
200900029283;9;3;13;1115;1;2;1;1.0;6;386;RUE JULIETTE RECAMIER;;;;690
200900029285;9;3;13;1656;1;2;2;1.0;3;389;0, QUAI RAOUL CARRIE;;;;690
200900029312;9;3;19;1650;1;2;2;1.0;3;386;0, RUE VAUBAN;;;;690
200900029314;9;3;20;1815;1;2;9;1.0;6;266;1, RUE DES SCIENCES;;;;690
200900029315;9;3;20;1735;1;2;1;1.0;6;386;62, RUE DE CREQUI;;;;690
200900029331;9;3;23;1205;1;2;1;1.0;6;259;BOULEVARD DE PARILLY;;;;690
200900029347;9;3;18;1145;1;2;1;1.0;3;29;RUE DE LA PERLE;;;;690
200900029374;9;8;4;1755;1;2;6;1.0;3;445;ROND POINT COMBATTANTS;M;4.0;-;640
200900029382;9;8;1;1405;1;2;1;1.0;3;445;PLACE GRAMONT;M;4.0;-;640
200900029393;9;8;8;1010;1;2;6;1.0;3;348;1, MARCEL DASSAULT;M;4.0;-;640
200900029425;9;8;17;1100;1;2;6;2.0;3;445;AV JEAN MERMOZ;M;4.0;-;640
200900029435;9;8;21;2005;1;2;2;1.0;3;335;RD 817;M;4.0;-;640
200900029461;9;9;15;825;1;2;6;1.0;3;122;ROND POINT DE L EUROPE;M;4.0;-;640
200900029468;9;9;2;1430;1;2;1;1.0;3;335;129, ROUTE DE BAYONNE;M;4.0;-;640
200900029473;9;9;4;830;1;2;1;1.0;6;445;06 AV HENRY RUSSELL;M;4.0;-;640
200900029475;9;9;6;1140;1;2;1;1.0;2;132;1, GEORGES CLEMENCEAU;M;4.0;-;640
200900029476;9;9;6;1205;1;2;1;1.0;2;125;AVENUE DE BAYONNE;M;4.0;-;640
200900029497;9;9;21;2017;1;2;1;8.0;3;122;BD MARCEL DASSAULT;M;4.0;-;640
200900029501;9;9;21;1410;1;2;6;1.0;2;445;0, OLOF PALME;M;4.0;-;640
200900029519;9;9;9;1525;1;2;3;1.0;3;335;CHEMIN SALIE;M;4.0;-;640
200900029525;9;6;5;735;1;2;1;1.0;3;7;3, SALENGRO (Boulevard R;;;;840
200900029530;9;6;15;1610;1;2;3;1.0;3;7;FRERES LUMIERE (RUE DES);;;;840
200900029534;9;6;21;900;1;1;1;1.0;1;72;;M;4.0;0;840
200900029536;9;6;19;715;1;1;1;1.0;2;132;;M;0.0;0;840
200900029541;9;6;4;1330;1;1;1;1.0;5;40;;M;0.0;0;840
200900029551;9;6;22;745;1;2;1;1.0;3;119;route de pernes;M;0.0;0;840
200900029556;9;6;19;1725;1;1;1;1.0;2;7;49, PIERRE SEMARD (avenu;;;;840
200900029559;9;6;22;1745;1;2;2;1.0;3;7;1, VAN GOGH (rue VINCENT;;;;840
200900029570;9;7;29;715;1;1;1;1.0;2;132;;M;0.0;0;840
200900029571;9;7;5;900;1;1;1;1.0;1;143;;M;4.0;0;840
200900029578;9;7;29;1945;1;2;1;1.0;3;129;chemin de l'oiselet;M;4.0;0;840
200900029586;9;7;31;1000;1;2;1;1.0;1;99;;M;0.0;0;840
200900029598;9;7;25;2015;2;2;1;1.0;7;77;route de st pierre;M;0.0;0;840
200900029602;9;7;13;1730;1;1;1;1.0;7;99;;M;0.0;0;840
200900029610;9;7;8;1425;1;2;1;1.0;6;7;LIMBERT (Boulevard);;;;840
200900029614;9;7;24;815;1;1;6;1.0;1;88;;M;4.0;0;840
200900029619;9;7;31;2043;1;2;1;1.0;1;35;32, CAGNARD (AVENUE DU);;;;840
200900029629;9;7;10;1535;1;2;1;1.0;3;7;SAINT MICHEL (Boulevard);;;;840
200900029637;9;9;1;1100;1;2;1;2.0;1;284;1 rue des pinsons;M;0.0;0;810
200900029645;9;9;29;1545;1;1;1;1.0;6;52;;M;4.0;0;810
200900029648;9;5;24;945;1;2;4;1.0;3;6;AVENUE DE PARIS;M;4.0;-;610
200900029661;9;9;25;935;1;2;1;1.0;1;260;7, RUE NOUVELLE;M;4.0;-;640
200900029686;9;3;22;1515;1;2;3;1.0;3;126;15 rue Paul Cezanne;M;4.0;-;350
200900029687;9;3;9;1345;1;2;6;1.0;1;47;Rond point de l'orguenai;M;0.0;0;350
200900029692;9;3;3;1340;1;2;6;8.0;3;238;YSER/F.FRANï¿½AISES DE L'O;;;;350
200900029695;9;3;2;1710;1;2;1;1.0;2;238;BOULEVARD DE L'YSER;;;;350
200900029699;9;3;5;835;1;2;2;1.0;3;238;LEGRAVERAND/SAINT MALO;;;;350
200900029713;9;3;24;1645;1;2;1;1.0;6;238;248 RUE DE FOUGï¿½RES;;;;350
200900029715;9;3;27;2007;5;2;6;8.0;3;238;BUTTES DE COï¿½SMES/P.DONZ;;;;350
200900029738;9;4;15;1700;1;1;1;1.0;1;279;;M;0.0;0;350
200900029741;9;4;17;1145;1;1;6;1.0;1;122;;M;0.0;0;350
200900029747;9;4;9;1400;1;1;3;1.0;3;24;;M;4.0;-;350
200900029761;9;4;21;1550;1;2;6;1.0;3;288;000, GREVES DE CHASLES (;;;;350
200900029765;9;4;13;1700;1;2;3;1.0;3;288;5, KENNEDY JOHN (COUR);;;;350
200900029770;9;4;1;2020;2;2;1;1.0;6;238;PLACE SAINTE ANNE;;;;350
200900029772;9;4;3;950;1;2;2;8.0;5;238;L.ARMAND/SAINT Hï¿½LIER;;;;350
200900029780;9;4;9;1420;1;2;2;1.0;3;238;LEGRAVEREND/SAINT MALO;;;;350
200900029781;9;4;9;1520;1;2;1;1.0;7;238;31 AVENUE A.BRIAND;;;;350
200900029825;9;5;22;2008;1;2;3;1.0;3;33;CHAPPE (CHAUSSEE DE);;;;180
200900029834;9;4;1;1810;1;2;1;1.0;6;383;21, BOULEVARD MARIUS VIV;;;;690
200900029846;9;4;4;1815;1;2;1;1.0;6;388;81, BOULEVARD DES ETATS;;;;690
200900029853;9;4;7;745;1;2;1;1.0;3;383;183 BIS, AVENUE FELIX FA;;;;690
200900029854;9;4;7;915;1;1;1;8.0;3;84;;M;0.0;0;690
200900029859;9;4;6;1402;1;2;1;1.0;2;29;RUE LIONEL TERRAY;;;;690
200900029862;9;4;8;1110;1;2;1;1.0;7;259;31, RUE JULES FERRY;;;;690
200900029865;9;4;8;1125;1;2;4;1.0;3;385;PONT KITCHENER MARCHAND;;;;690
200900029884;9;4;14;840;1;2;1;1.0;6;383;PLACE D ARSONVAL;;;;690
200900029885;9;4;17;1415;1;2;2;1.0;6;266;1, RUE FLACHET;;;;690
200900029891;9;4;15;1800;1;2;1;1.0;1;194;59 avenue jean jaures;M;0.0;0;690
200900029942;9;4;24;1445;1;1;1;1.0;3;169;;M;4.0;0;690
200900029948;9;4;24;1950;2;2;1;1.0;2;385;17, RUE DE TRION;;;;690
200900029977;9;4;30;1355;1;2;2;1.0;6;386;RUE TRONCHET;;;;690
200900029980;9;4;30;2350;5;2;1;1.0;3;385;15, QUAI FULCHIRON;;;;690
200900029990;9;4;12;1725;1;2;1;1.0;3;55;rue de la mairie;;;;690
200900030036;9;10;8;1345;1;2;1;1.0;3;181;37, LIBERATION (AV DE LA;;;;720
200900030039;9;10;9;1730;1;2;1;1.0;3;181;16, CURIE (BD);;;;720
200900030060;9;4;16;1730;1;2;1;1.0;2;318;CRS DE LA LIBERATION;;;;330
200900030062;9;4;2;1150;1;2;2;1.0;3;63;RUE DE CHAMBRUN;;;;330
200900030066;9;4;29;745;1;2;1;2.0;3;63;297, AVE DU MAL DE LATTR;;;;330
200900030077;9;4;6;705;5;2;6;1.0;3;318;AVE MAL DE LATTRE DE TAS;;;;330
200900030085;9;4;16;1630;1;2;3;1.0;6;119;RUE DU MARECHAL FOCH;;;;330
200900030087;9;4;22;2330;5;2;1;1.0;3;522;AVE ROUL;;;;330
200900030094;9;4;30;1355;1;2;2;2.0;6;63;BD ALBERT 1ER;;;;330
200900030098;9;4;8;1615;1;2;1;1.0;2;281;205, AVE DE L'ARGONNE;;;;330
200900030103;9;4;1;1220;1;2;3;1.0;1;63;RUE DES TREUILS;;;;330
200900030110;9;4;21;1850;1;2;2;1.0;3;281;AVE DU MARECHAL JUIN;;;;330
200900030124;9;4;6;1900;1;2;1;1.0;3;63;2, QUAI DE BACALAN;;;;330
200900030128;9;4;6;1722;1;2;3;1.0;3;63;RUE CLAUDE BONNIER;;;;330
200900030131;9;4;6;1451;1;2;1;1.0;3;63;21, QUAI DE BACALAN;;;;330
200900030132;9;4;5;2030;2;2;3;1.0;3;243;23, PLINE PARMENTIER(RUE;;;;330
200900030157;9;4;9;1745;1;2;6;1.0;7;227;rond point salvador alle;M;4.0;-;330
200900030163;9;4;15;1900;1;1;1;1.0;3;106;;M;4.0;-;330
200900030187;9;4;14;1425;1;2;9;1.0;2;529;28, SAINT-EXUPERY (AVE);;;;330
200900030236;9;5;22;950;1;2;3;1.0;6;63;RUE CAPDEVILLE;;;;330
200900030242;9;5;19;1435;1;2;3;1.0;3;63;RUE VITAL-MAREILLE;;;;330
200900030246;9;5;11;710;1;2;1;1.0;3;63;23, CRS DE L'ARGONNE;;;;330
200900030259;9;5;16;2105;1;2;1;1.0;1;63;135, AVE THIERS;;;;330
200900030268;9;5;20;915;1;2;1;1.0;3;119;112, AVE RENE CASSAGNE;;;;330
200900030275;9;5;7;740;1;2;4;1.0;3;192;CHEM DU SOLARIUM;;;;330
200900030281;9;5;10;425;5;2;1;1.0;6;63;237, BD ALBERT 1ER;;;;330
200900030304;9;5;13;1120;1;2;1;1.0;1;281;RUE DES VIOLETTES;;;;330
200900030329;9;5;29;1200;1;2;3;1.0;1;63;AVE LOUIS BARTHOU CAUD;;;;330
200900030353;9;5;16;800;1;2;1;1.0;1;289;D16;M;4.0;0;330
200900030363;9;5;6;1445;1;1;1;1.0;5;165;;M;0.0;0;330
200900030369;9;5;9;1400;1;2;1;1.0;3;437;rue de l'eglise;M;0.0;0;330
200900030373;9;5;17;1430;1;1;6;1.0;3;122;;M;0.0;0;330
200900030377;9;5;31;1145;1;2;1;1.0;1;95;Rue de la Gare;M;4.0;-;330
200900030414;9;5;15;1755;1;2;2;1.0;3;63;RUE NAUJAC;;;;330
200900030453;9;6;21;2045;1;2;1;1.0;2;522;590, CRS DE LA LIBERATIO;;;;330
200900030469;9;6;2;820;1;2;1;1.0;3;63;17, RUE FLORNOY;;;;330
200900030473;9;6;26;905;1;2;3;1.0;3;63;RUE DU TAUZIN;;;;330
200900030483;9;6;23;1130;1;2;1;1.0;3;63;PCE DE CAMPEYRAUT;;;;330
200900030486;9;6;30;1720;1;2;2;1.0;3;63;RUE HAZERA CAUD;;;;330
200900030515;9;6;29;1100;1;2;1;1.0;6;63;26, CRS BALGUERIE STUTTE;;;;330
200900030519;9;6;3;1200;1;2;3;1.0;3;39;RUE ALBAN LAVAL;;;;330
200900030521;9;6;17;1750;1;2;3;1.0;3;63;CRS DE L'ARGONNE;;;;330
200900030523;9;6;19;650;2;2;3;1.0;2;63;RUE SCALIGER;;;;330
200900030544;9;6;20;1115;1;2;2;1.0;3;63;CRS DU MEDOC;;;;330
200900030551;9;6;4;1700;1;2;1;1.0;3;251;Rue du Pin Franc RD115;M;0.0;0;330
200900030614;9;6;14;2030;1;2;1;1.0;2;233;pont du canal;M;0.0;0;180
200900030618;9;6;14;1105;1;2;2;8.0;1;205;ORLEANS (ROUTE D');;;;180
200900030634;9;6;25;2136;1;2;2;1.0;1;33;TOURAINE (RUE DE);;;;180
200900030650;9;7;25;800;1;2;2;1.0;3;5;Boulevard de la Plage;M;0.0;0;330
200900030661;9;7;29;1015;1;2;1;1.0;2;122;pierroton;M;0.0;0;330
200900030716;9;7;8;2000;1;2;1;1.0;6;63;141, BD MARECHAL LECLERC;;;;330
200900030724;9;7;15;1725;1;2;1;1.0;3;281;AVE DE L'YSER;;;;330
200900030731;9;7;7;2115;1;2;2;1.0;2;63;PCE PEY BERLAND;;;;330
200900030757;9;7;29;1700;1;2;1;1.0;2;63;16, RUE DE LA BENAUGE;;;;330
200900030758;9;7;16;1755;1;2;1;1.0;6;63;61, CRS SAINT LOUIS;;;;330
200900030775;9;7;20;11;5;2;2;1.0;3;63;RUE DES TROIS CONILS;;;;330
200900030778;9;7;16;2155;5;2;1;1.0;6;550;566, RTE DE TOULOUSE;;;;330
200900030790;9;7;29;945;1;2;1;1.0;2;529;., ALLIES (RUE DES) DU 0;;;;330
200900030797;9;7;26;1650;1;1;2;1.0;3;529;BISCAROSSE (AVE) DUNE VE;;;;330
200900030800;9;7;30;1640;1;2;1;1.0;6;63;156, RUE D'ORNANO;;;;330
200900030811;9;8;17;1000;1;1;1;1.0;1;536;;M;4.0;0;700
200900030812;9;8;18;1100;1;2;6;1.0;3;550;GARE (AVENUE DE LA);;;;700
200900030819;9;8;5;1820;1;2;3;1.0;3;63;BD DU PRESIDENT WILSON;;;;330
200900030824;9;8;12;1030;1;2;3;1.0;3;63;RUE FONDAUDEGE;;;;330
200900030839;9;8;5;1745;1;2;1;1.0;1;39;RUE MARC SANGNIER;;;;330
200900030841;9;8;13;1450;1;2;2;1.0;3;63;RUE MARECHAL JOFFRE;;;;330
200900030848;9;8;12;1956;1;2;2;1.0;3;39;RUE DURCY;;;;330
200900030869;9;8;29;1530;1;1;1;1.0;1;15;;M;0.0;0;330
200900030884;9;8;26;1800;1;2;1;1.0;6;63;RUE DE LA PELOUSE DE DOU;;;;330
200900030891;9;8;21;2145;5;2;1;1.0;3;63;21, CRS DE L'YSER;;;;330
200900030899;9;8;17;1200;1;2;6;1.0;3;318;AVE ROGER COHE;;;;330
200900030925;9;1;15;1600;1;2;1;1.0;3;137;0, SCHUMAN (RUE PRESIDEN;;;;830
200900030926;9;1;16;740;1;2;1;1.0;3;137;BONAPARTE (ROND POINT DU;;;;830
200900030932;9;7;3;1345;1;2;9;1.0;1;448;D205 route de sennecey;M;0.0;0;710
200900030946;9;7;29;1445;1;1;1;1.0;2;110;;M;4.0;0;710
200900030960;9;7;20;1225;1;2;3;1.0;3;270;2, INTERS ROUTE DE LYON/;;;;710
200900030961;9;7;22;1905;1;2;3;1.0;3;153;31, TRANSVAAL (RUE DU);;;;710
200900030966;9;7;29;910;1;2;6;1.0;3;270;1, SCHOELCHER (BOULEVARD;;;;710
200900030989;9;8;7;1030;1;1;1;1.0;1;82;;M;4.0;0;710
200900031000;9;8;15;1145;1;1;1;1.0;3;74;;M;0.0;0;710
200900031005;9;8;18;1445;1;2;1;1.0;6;14;5 avenue Jules Basdevant;M;0.0;0;710
200900031014;9;8;28;1900;1;2;1;1.0;2;373;CD12 EN GARE;M;0.0;0;710
200900031088;9;8;5;1015;1;1;3;1.0;3;200;;M;4.0;0;360
200900031089;9;8;9;355;5;2;1;1.0;7;44;14 RUE ERNEST RENAN;M;4.0;0;360
200900031091;9;8;11;815;1;2;3;1.0;3;44;123AVLACHATRE/1APSABATIE;M;4.0;0;360
200900031103;9;8;28;2215;5;2;1;1.0;7;44;94 RUE DE NOTZ;M;4.0;0;360
200900031150;9;9;16;1600;1;2;1;2.0;2;44;RUE DESCARTES;M;4.0;0;360
200900031172;9;5;7;1450;1;2;4;1.0;2;386;0, BOULEVARD JULES FAVRE;;;;690
200900031175;9;5;7;2140;5;2;3;9.0;3;259;0, AVENUE MAURICE THOREZ;;;;690
200900031180;9;5;9;2110;5;2;2;1.0;6;266;1, RUE PAUL VERLAINE;;;;690
200900031182;9;5;8;2240;5;2;3;1.0;3;382;00, RUE DE LA CHARITE;;;;690
200900031189;9;5;12;2220;5;2;1;1.0;3;388;263, AVENUE BERTHELOT;;;;690
200900031197;9;5;14;545;2;2;1;2.0;6;266;375, COURS EMILE ZOLA;;;;690
200900031213;9;5;2;1450;1;1;2;1.0;6;286;Chemin de Sathonay;;;;690
200900031220;9;5;1;1720;1;2;2;1.0;3;386;0, COURS FRANKLIN ROOSEV;;;;690
200900031251;9;5;19;1540;1;2;2;1.0;5;382;0, QUAI JULES COURMONT;;;;690
200900031252;9;5;19;1720;1;2;1;1.0;3;383;83, RUE DESAIX;;;;690
200900031254;9;5;19;2045;1;2;2;1.0;3;383;RUE DE LA PART DIEU;;;;690
200900031266;9;5;21;2330;5;2;2;1.0;3;389;PONT GEORGES CLEMENCEAU;;;;690
200900031276;9;5;24;2000;1;2;1;1.0;3;388;22, RUE PROFESSEUR TAVER;;;;690
200900031287;9;5;27;30;5;2;1;1.0;6;29;04, AVENUE MARECHAL DE L;;;;690
200900031306;9;5;31;1500;1;1;1;1.0;3;256;N, MIRIBEL (PARC DE);;;;690
200900031314;9;5;21;1045;1;1;6;1.0;3;86;;M;0.0;0;690
200900031317;9;5;20;1745;1;2;1;1.0;3;244;AVENUE VICTOR HUGO;M;0.0;0;690
200900031338;9;5;26;1300;1;2;1;2.0;6;387;0, QUAI CLAUDE BERNARD;;;;690
200900031349;9;5;25;150;5;2;1;1.0;2;387;0, BOULEVARD DES TCHECOS;;;;690
200900031362;9;5;14;755;1;1;1;1.0;2;55;00, RD 463;;;;350
200900031364;9;5;8;1610;1;2;3;1.0;3;288;000, SAINT MICHEL DES SA;;;;350
200900031392;9;5;26;830;1;2;1;2.0;6;47;AVENUE JOSEPH JAN;M;0.0;0;350
200900031402;9;5;5;1655;1;2;3;1.0;3;238;TROIS CROIX/LE HUEROU;;;;350
200900031407;9;5;8;1740;1;2;2;1.0;3;238;J.LALLEMAND/A.Rï¿½CIPON;;;;350
200900031411;9;5;9;1640;1;2;1;1.0;7;238;ROUTE DE VEZIN;;;;350
200900031415;9;5;12;850;1;2;2;8.0;3;238;ALMA.J.CARTIER;;;;350
200900031424;9;5;22;1040;1;2;1;1.0;7;238;2 BIS RUE DE LORIENT;;;;350
200900031436;9;1;12;1020;1;2;6;1.0;3;288;GREVES DE CHASLES;;;;350
200900031439;9;8;4;745;1;1;1;1.0;1;240;;M;4.0;0;370
200900031440;9;8;4;1830;1;2;1;1.0;1;132;RUE DES PETITES MAISONS;M;0.0;0;370
200900031448;9;8;21;1215;1;1;1;1.0;2;269;;M;0.0;0;370
200900031453;9;8;27;1145;1;2;1;1.0;1;62;AVENUE DU GENERAL LECLER;M;4.0;0;370
200900031456;9;8;18;1930;1;2;3;1.0;3;261;CHURCHILL (BOULEVARD WIN;;;;370
200900031465;9;8;31;755;1;2;6;1.0;3;195;PLESSIS (RUE DU);;;;370
200900031481;9;8;16;2229;5;2;1;1.0;7;261;WILSON (PONT);;;;370
200900031482;9;8;19;1040;1;1;2;1.0;3;122;RD 37 SORTIE NORD;;;;370
200900031494;9;8;7;1652;1;2;1;1.0;7;261;FRANCE (PLACE ANATOLE);;;;370
200900031502;9;5;27;1400;1;2;1;1.0;6;490;;M;4.0;0;310
200900031504;9;8;18;919;1;2;3;1.0;2;1;DE GAULLE /A.GUï¿½;M;4.0;0;470
200900031506;9;9;26;1219;1;2;1;1.0;7;7;0, VOLNEY;;;;490
200900031508;9;9;7;1152;1;2;1;1.0;7;7;0, VIVIERS;;;;490
200900031534;9;9;14;1902;1;2;1;1.0;7;7;23, FOCH BOULEVARD;;;;490
200900031538;9;9;11;1255;1;2;1;1.0;3;7;0, JUSTICES PLACE;;;;490
200900031540;9;9;15;1102;1;2;1;2.0;7;7;0, GAULLE BOULEVARD CHAR;;;;490
200900031542;9;9;2;852;1;2;1;1.0;3;7;0, PRUNIERS;;;;490
200900031546;9;9;7;818;1;2;1;1.0;3;7;0, DOYENNE BOULEVARD ET;;;;490
200900031576;9;9;25;1210;1;2;1;1.0;2;328;46, PRESSOIR (RUE DU);;;;490
200900031583;9;8;18;745;1;1;6;1.0;3;32;ROUTE DE FOURQUES;M;4.0;0;300
200900031603;9;8;10;1215;1;1;1;1.0;7;293;;M;4.0;0;300
200900031605;9;8;10;715;1;2;1;1.0;1;341;CD6572 et Bld Carnot;M;4.0;0;300
200900031616;9;8;14;930;1;1;1;7.0;1;89;;M;4.0;0;300
200900031643;9;8;27;800;1;2;3;1.0;6;28;1, GEORGES BESSON (RUE);M;4.0;0;300
200900031644;9;8;27;1100;1;1;1;1.0;1;283;;M;4.0;0;300
200900031652;9;8;31;1615;1;2;2;1.0;3;169;;M;0.0;0;300
200900031683;9;8;19;1100;1;1;1;1.0;3;179;ctr-commercial E.D;M;0.0;0;50
200900031685;9;8;1;1100;1;2;3;1.0;3;23;3 BIS, SAVOIE/RD 1091Rib;;;;50
200900031689;9;8;8;1245;1;2;4;1.0;3;23;DAUPHINE (Stat TOTAL);;;;50
200900031728;9;6;28;1045;1;1;1;1.0;5;128;;M;4.0;-;350
200900031731;9;6;27;500;5;2;3;1.0;6;238;G.PATTON/POIRIER NIVET;;;;350
200900031738;9;6;25;855;1;2;2;7.0;3;238;PARIS/DUCHESSE ANNE;;;;350
200900031746;9;6;19;1445;1;2;1;1.0;3;238;2 RUE V. LE GORGEU;;;;350
200900031747;9;6;26;1720;1;2;1;1.0;7;238;43 AVENUE DU HAUT SANCï¿½;;;;350
200900031748;9;6;10;1000;1;2;1;1.0;3;115;25, GROSLAY (BD DE DU Nï¾°;;;;350
200900031755;9;6;13;1540;1;2;3;1.0;3;352;000, ISLE CELEE (RUE DE;;;;350
200900031775;9;6;5;1000;1;2;1;7.0;2;278;00, ROUTE DE SAINT-MALO;;;;350
200900031780;9;6;4;1650;1;2;2;1.0;3;238;MOTTE BRULON (DE LA);;;;350
200900031794;9;6;3;1830;1;2;1;1.0;3;259;AVENUE JULES GUESDE;;;;690
200900031799;9;6;5;745;1;2;1;1.0;3;34;12, QUAI CLEMENCEAU;;;;690
200900031804;9;6;8;845;1;2;3;1.0;1;259;AVENUE D OSCHATZ;;;;690
200900031814;9;6;9;2035;1;2;2;1.0;3;383;AVENUE FELIX FAURE;;;;690
200900031822;9;6;12;1840;1;2;3;1.0;6;266;36, RUE EMILE DECORPS;;;;690
200900031823;9;6;12;1125;1;2;1;1.0;3;96;42, BOUTRAS (DE) ( R );;;;690
200900031830;9;6;15;1005;1;2;1;1.0;3;383;13, COURS RICHARD VITTON;;;;690
200900031835;9;6;17;1315;1;2;1;1.0;6;383;5, RUE JEAN PIERRE LEVY;;;;690
200900031848;9;6;24;1000;1;2;2;1.0;6;383;0, RUE PAUL BERT;;;;690
200900031849;9;6;29;940;1;2;1;1.0;6;91;x, ANATOLE FRANCE (AV);;;;690
200900031859;9;6;29;1900;1;1;1;1.0;3;256;MIRIBEL (PARC DE);;;;690