Num_Acc;an;mois;jour;hrmn;lum;agg;int;atm;col;com;adr;gps;lat;long;dep
200900040809;9;12;10;1400;1;2;3;1.0;6;102;RUE DE RICHELIEU;;;;750
200900040814;9;12;10;1500;1;2;3;1.0;3;111;BOULEVARD BEAUMARCHAIS;;;;750
200900040816;9;12;10;1740;5;2;1;1.0;6;118;BOULEVARD DE ROCHECHOUAR;;;;750
200900040818;9;12;10;1815;5;2;1;1.0;5;116;AVENUE DES NATIONS UNIES;;;;750
200900040835;9;12;11;1035;1;2;2;1.0;6;112;12, AVENUE DAUMESNIL;;;;750
200900040836;9;12;11;1130;1;2;1;1.0;3;107;45, BOULEVARD DES INVALI;;;;750
200900040842;9;12;11;1300;1;2;1;1.0;2;118;115, RUE DAMREMONT;;;;750
200900040855;9;12;12;315;5;2;2;1.0;3;101;172, RUE DE RIVOLI;;;;750
200900040913;9;12;9;1025;1;2;1;1.0;3;113;37, BOULEVARD ARAGO;;;;750
200900040952;9;12;15;1610;2;2;5;1.0;6;110;8, BOULEVARD DE BONNE NO;;;;750
200900040955;9;12;15;1745;5;2;5;1.0;3;105;RUE D ULM;;;;750
200900040981;9;12;16;1750;3;2;1;1.0;6;112;25, RUE MARSOULAN;;;;750
200900041006;9;12;17;1710;1;2;1;4.0;7;118;20, BOULEVARD BARBES;;;;750
200900041022;9;12;19;245;5;2;2;1.0;3;102;RUE ETIENNE MARCEL;;;;750
200900041023;9;12;19;400;5;2;1;1.0;6;112;20, RUE DE LYON;;;;750
200900041102;9;12;26;945;1;2;3;1.0;3;110;140, RUE DU FAUBOURG SAI;;;;750
200900041108;9;12;23;1650;1;2;1;1.0;3;118;7, BOULEVARD NEY;;;;750
200900041114;9;12;23;1140;1;2;1;1.0;3;112;10, RUE DE POMMARD;;;;750
200900041158;9;12;28;1705;2;2;2;1.0;3;117;BOULEVARD DES BATIGNOLLE;;;;750
200900041159;9;12;28;1810;5;2;2;1.0;6;102;44, RUE ETIENNE MARCEL;;;;750
200900041190;9;12;30;1800;5;2;2;2.0;3;119;28, AVENUE DE FLANDRE;;;;750
200900041199;9;12;31;1330;1;2;1;1.0;3;101;RUE DE RIVOLI;;;;750
200900041209;9;12;11;1510;1;2;1;1.0;7;112;01, ROUTE ROYALE DE BEAU;;;;750
200900041215;9;8;5;1400;1;2;3;1.0;3;362;sans, FAURE AVENUE MAURI;;;;260
200900041224;9;8;9;1115;1;1;1;1.0;3;289;;M;4.0;0;260
200900041309;9;4;4;1800;1;2;1;1.0;3;1;10, MALACRIDA HENRI (AV);;;;130
200900041310;9;4;10;1640;1;2;1;1.0;2;28;ROND POINT DULAC/ROVARCH;M;4.0;0;130
200900041448;9;4;17;630;2;2;3;1.0;1;211;32, CESAR BOY (AVENUE);;;;130
200900041457;9;4;18;1030;1;2;3;1.0;3;211;7, BARASSE;;;;130
200900041566;9;4;28;1540;1;2;9;1.0;6;55;RUE JOSEPH CLERISSY;;;;130
200900041616;9;4;8;2000;1;2;2;1.0;3;208;PRADO (AVENUE);;;;130
200900041626;9;4;26;847;1;2;3;3.0;3;209;8, FOUR NEUF (TRAVERSE);;;;130
200900041687;9;11;6;1205;1;2;2;1.0;3;21;FLORIMONT  LEROUX (RUE);;;;800
200900041700;9;11;20;2010;5;2;1;1.0;6;21;00, EMILE LESOT (RUE);;;;800
200900041701;9;11;23;1700;5;2;1;1.0;6;21;354, JULES FERRY (CHAUSS;;;;800
200900041704;9;11;23;1210;1;2;3;2.0;3;21;00, RESISTANCE (RUE DE L;;;;800
200900041711;9;11;7;1920;5;2;2;1.0;6;21;00, ANCIENS COMBATTANTS;;;;800
200900041715;9;11;21;1750;5;2;9;1.0;6;113;59, GANTIERE (RUE DE LA);;;;630
200900041725;9;11;26;1200;1;2;2;1.0;1;810;AVENUE DE COMPIEGNE;M;0.0;0;20
200900041745;9;11;30;1810;5;2;1;2.0;6;691;78, HUGO DE 72 A FIN (BD;;;;20
200900041751;9;9;9;845;1;2;6;1.0;3;32;ROUTE DE NIMES (C.D.999);M;4.0;0;300
200900041776;9;9;22;1620;1;2;1;1.0;2;31;66, KOENIG (BOULEVARD GE;M;4.0;0;190
200900041784;9;9;30;1825;1;2;1;1.0;3;31;18, BRUNE (BOULEVARD);M;4.0;0;190
200900041790;9;4;3;1715;1;2;1;1.0;7;122;33, PARC (RUE DU);;;;910
200900041833;9;7;31;1015;1;1;1;1.0;3;197;;M;4.0;0;690
200900041841;9;7;30;1715;1;2;1;1.0;1;6;;M;0.0;0;690
200900041842;9;7;27;1715;1;2;1;1.0;2;89;19 Bis rue du Bochu;M;0.0;0;690
200900041859;9;7;8;1645;1;1;1;1.0;3;269;;M;0.0;0;690
200900041887;9;7;23;1735;1;2;1;1.0;7;385;21, AVENUE BARTHELEMY BU;;;;690
200900041903;9;7;14;1650;1;2;1;1.0;6;34;86, AVENUE GENERAL LECLE;;;;690
200900041905;9;7;3;1715;1;2;1;1.0;6;387;0, PLACE JEAN JAURES;;;;690
200900041928;9;7;9;1550;1;2;1;1.0;2;202;LIMBURG (DE);;;;690
200900041946;9;7;21;1220;1;2;3;1.0;3;256;., JOLIOT CURIE;;;;690
200900041950;9;7;23;1920;1;2;1;1.0;3;152;138, EUROPE (DE L');;;;690
200900041959;9;7;28;1440;1;2;1;1.0;6;385;2, AVENUE ADOLPHE MAX;;;;690
200900041971;9;7;2;1210;1;2;2;1.0;3;382;0, QUAI DOCTEUR GAILLETO;;;;690
200900041981;9;8;27;2050;2;2;2;1.0;3;383;AVENUE LACASSAGNE;;;;690
200900041985;9;8;17;1130;1;2;1;1.0;1;238;Rue de Verdun;M;0.0;0;690
200900041994;9;8;22;1900;1;2;1;1.0;1;286;27 route de geneve;M;0.0;0;690
200900042007;9;8;29;930;1;2;9;1.0;3;389;0, BOULEVARD DE LA DUCHE;;;;690
200900042008;9;8;24;2115;5;2;2;1.0;3;387;0, RUE MARC BLOCH;;;;690
200900042009;9;8;27;1730;1;2;1;1.0;6;34;111, GRANDE RUE DE SAINT;;;;690
200900042039;9;8;3;1520;1;2;1;1.0;3;386;267, COURS LAFAYETTE;;;;690
200900042040;9;8;3;1745;1;2;1;1.0;6;383;RUE DES RANCY;;;;690
200900042048;9;8;6;1609;1;2;9;1.0;1;142;GRAND ROULE (DU);;;;690
200900042071;9;8;15;1320;1;2;1;1.0;7;385;6BIS, AVENUE DE LA PREMI;;;;690
200900042081;9;8;19;1815;1;2;6;1.0;3;91;x, PAIX (DE LA) ( R );;;;690
200900042091;9;9;7;1110;1;2;1;1.0;6;386;87, RUE BOSSUET;;;;690
200900042093;9;9;8;740;1;2;1;1.0;6;381;5, MONTEE LIEUTENANT ALL;;;;690
200900042095;9;9;10;1200;1;2;1;1.0;3;389;14, QUAI JAYR;;;;690
200900042098;9;9;9;1820;1;2;3;1.0;6;386;RUE VAUBAN;;;;690
200900042123;9;9;28;1720;1;2;1;1.0;3;290;12, AVENUE DE LA GARE;;;;690
200900042125;9;9;29;740;1;2;2;1.0;3;387;AVENUE JEAN JAURES;;;;690
200900042140;9;9;10;1900;1;1;1;1.0;1;74;;M;0.0;0;690
200900042156;9;9;17;1635;1;2;1;7.0;6;385;32, AVENUE DU POINT DU J;;;;690
200900042182;9;9;30;720;1;2;1;1.0;6;386;81, RUE VAUBAN;;;;690
200900042191;9;9;27;1200;1;2;1;1.0;3;389;102 BIS, RUE DE SAINT CY;;;;690
200900042199;9;9;19;1850;1;2;1;1.0;1;259;26, RUE ANTOINE BILLON;;;;690
200900042210;9;4;7;720;1;2;3;2.0;3;471;0, RACINE (RUE);;;;910
200900042212;9;4;11;1415;1;2;2;1.0;3;312;0, PIERRE LESCOT (RUE);;;;910
200900042228;9;5;9;1612;1;1;6;1.0;7;147;1, RD8;M;;;420
200900042234;9;8;31;1725;1;2;1;1.0;3;21;00, ALEXANDRE DUMAS (RUE;;;;800
200900042235;9;8;26;1750;1;1;1;1.0;4;261;VC - CHEMIN DE SALEUX;;;;800
200900042241;9;8;5;1700;1;2;1;1.0;3;21;36, GENERAL LECLERC (RUE;;;;800
200900042252;9;8;24;1230;1;2;1;1.0;3;21;27, EMILE FRANCFORT (RUE;;;;800
200900042297;9;10;1;1845;2;2;2;1.0;1;147;ROUTE D ANDUZE;M;4.0;0;300
200900042343;9;10;23;1630;1;2;1;1.0;1;167;chemin des muletiers;M;4.0;0;300
200900042402;9;10;1;1937;3;2;2;1.0;7;189;LENOIR ETIENNE (RUE);M;4.0;0;300
200900042405;9;5;17;1115;1;2;1;1.0;1;162;D18 route de Pouilly;M;4.0;0;420
200900042413;9;11;30;1754;5;2;1;1.0;6;113;1, KESSLER (RUE);;;;630
200900042414;9;11;29;2045;5;2;2;1.0;6;113;PREVOST (RUE ABBE);;;;630
200900042431;9;5;15;1730;1;2;1;1.0;3;68;BEAUBOURG (QU);M;4.0;0;940
200900042438;9;5;4;1735;1;2;2;1.0;2;42;NC, PIERRE MENDES FRANCE;M;4.0;0;940
200900042442;9;5;8;1840;1;2;1;1.0;7;16;BELLE IMAGE (R DE LA);M;4.0;0;940
200900042448;9;5;6;1055;1;2;1;1.0;3;68;172, CRETEIL (BD DE);M;4.0;0;940
200900042477;9;5;14;1615;1;2;1;1.0;6;28;30, LECLERC.(RUE DU GENE;M;4.0;0;940
200900042484;9;5;18;2155;5;2;6;2.0;3;81;1, MAXIMILIEN ROBESPIERR;M;4.0;0;940
200900042490;9;5;15;755;1;2;3;1.0;6;80;FONTENAY (R DE);M;4.0;0;940
200900042503;9;5;20;940;1;2;2;1.0;3;80;83, FONTENAY (R DE);M;4.0;0;940
200900042504;9;5;25;2100;1;2;1;1.0;3;79;00, ANDRE ROUY (R);M;4.0;0;940
200900042517;9;5;12;1935;1;2;1;1.0;7;81;109, MOULIN DE SAQUET (A;M;4.0;0;940
200900042520;9;5;11;905;1;2;2;2.0;1;80;FONTENAY (R DE);M;4.0;0;940
200900042521;9;5;16;1700;1;2;1;3.0;1;21;16, JACQUES BREL (AV);M;4.0;0;940
200900042531;9;5;26;1640;1;2;2;1.0;3;81;02, CAMILLE GROULT (R);M;4.0;0;940
200900042564;9;5;4;1120;1;2;1;1.0;2;46;08, REPUBLIQUE (AV DE LA;M;4.0;0;940
200900042565;9;5;13;1700;1;2;1;1.0;2;19;CAZENAVE (R);M;4.0;0;940
200900042593;9;5;27;1140;1;2;3;1.0;3;22;20, DEFFORGE (R);M;4.0;0;940
200900042601;9;5;28;1700;1;2;3;8.0;6;22;FOLIE (AV DE LA);M;4.0;0;940
200900042622;9;5;7;1750;1;2;1;1.0;1;75;REVEILLON (R DE);M;4.0;0;940
200900042627;9;5;24;1855;1;2;1;1.0;3;28;2, DARTOIS(RUE CAMILLE);M;4.0;0;940
200900042662;9;5;19;1840;1;2;1;1.0;3;95;1, TREMOLLET (RUE);M;4.0;0;420
200900042663;9;5;5;1855;1;2;1;1.0;3;95;CD 3;;;;420
200900042685;9;5;20;1530;1;2;6;1.0;1;279;Rond point anne franck;M;4.0;0;420
200900042686;9;5;31;1430;1;1;1;1.0;3;75;;M;4.0;0;420
200900042724;9;9;12;843;1;2;1;1.0;6;195;MOULIN (RUE JEAN);;;;370
200900042730;9;9;1;800;1;2;5;1.0;3;261;GRAMMONT (AVENUE DE);;;;370
200900042748;9;9;14;1730;1;2;1;1.0;1;261;BOIS AUBRY (AVENUE DE);;;;370
200900042756;9;9;16;845;1;2;6;2.0;3;195;LECLERC (PLACE DU MARECH;;;;370
200900042765;9;9;23;1734;1;1;1;1.0;7;261;2, ROUZIERS (ROUTE DE);;;;370
200900042776;9;9;29;755;2;2;6;1.0;6;214;LEBRUN (RUE HENRI);;;;370
200900042778;9;9;29;1334;1;2;5;1.0;7;261;1, MARNE (CARREFOUR DE L;;;;370
200900042781;9;9;30;1748;1;2;1;1.0;6;261;20, SAINT BARTHELEMY (RU;;;;370
200900042794;9;9;30;1615;1;2;1;1.0;3;3;48 RUE GREGOIRE DE TOURS;M;0.0;0;370
200900042821;9;5;20;1150;1;2;7;1.0;2;361;9 PLC DE L'ETAPE;M;4.0;0;780
200900042838;9;5;8;820;1;2;1;1.0;3;168;AV DE LA GARE;M;4.0;0;780
200900042897;9;5;10;1004;1;2;1;1.0;6;640;AV DE L'EUROPE;M;4.0;0;780
200900042933;9;6;6;1945;1;2;2;1.0;7;28;0, PINSONS(RUE DES);M;4.0;0;940
200900042937;9;6;8;1335;1;2;1;2.0;3;78;15, ANATOLE FRANCE (AV);M;4.0;0;940
200900042972;9;6;23;1310;1;2;1;1.0;6;52;140, STRASBOURG (BD DE);M;4.0;0;940
200900042992;9;6;29;1655;1;2;1;1.0;3;55;9, OLIVIER D ORMESSON (A;M;4.0;0;940
200900043000;9;6;22;1445;1;2;1;1.0;3;59;74, MAURICE BERTEAUX (AV;M;4.0;0;940
200900043008;9;6;20;2030;1;2;4;1.0;3;11;CLAVIZIS.(RUE DES);M;4.0;0;940
200900043013;9;6;1;1230;1;2;4;1.0;3;42;NC, PRESIDENT JOHN KENNE;M;4.0;0;940
200900043037;9;6;23;905;1;2;1;1.0;3;67;188, GALLIENI (AV);M;4.0;0;940
200900043047;9;6;4;1910;1;2;3;1.0;6;67;18, PAUL BERT (R);M;4.0;0;940
200900043048;9;6;19;2055;1;2;2;1.0;2;80;49, REPUBLIQUE (AV DE LA;M;4.0;0;940
200900043054;9;6;14;1750;1;2;1;1.0;6;80;158, FONTENAY (R DE);M;4.0;0;940
200900043060;9;6;27;1900;1;2;1;1.0;2;16;02, LOURS (ALL DES);M;4.0;0;940
200900043062;9;6;20;55;5;2;1;1.0;7;3;GABRIEL PERI (AV);M;4.0;0;940
200900043063;9;6;20;1250;1;2;3;1.0;1;16;3, BESSON (R);M;4.0;0;940
200900043068;9;6;28;1735;1;2;1;1.0;3;80;147, FRANCE (R DE);M;4.0;0;940
200900043087;9;6;3;1620;1;2;1;1.0;6;81;12/14, HENRI BARBUSSE (A;M;4.0;0;940
200900043112;9;6;17;1400;1;2;1;1.0;2;42;NC, PIERRE MENDES FRANCE;M;4.0;0;940
200900043144;9;6;29;1510;1;2;1;1.0;3;22;2, GAMBETTA (AV);M;4.0;0;940
200900043154;9;6;11;1725;1;2;3;1.0;7;65;BOULEVARD CIRCULAIRE ( M;M;4.0;0;940
200900043159;9;6;2;1325;1;2;1;1.0;3;34;STALINGRAD (AV DE);M;4.0;0;940
200900043214;9;7;15;1730;1;2;6;1.0;6;77;A M GASPAR/PL Y GAGARINE;M;4.0;0;940
200900043289;9;7;30;950;1;2;1;1.0;6;68;67, LOUIS BLANC (AV);M;4.0;0;940
200900043316;9;7;16;1835;1;2;1;1.0;3;77;PAUL PAINLEVE (AV);M;4.0;0;940
200900043351;9;7;27;930;1;2;1;1.0;3;74;23, GABRIEL PERI (R);M;4.0;0;940
200900043397;9;4;7;1830;1;2;1;1.0;3;26;43, ALMA;;;;920
200900043444;9;4;14;915;1;2;2;1.0;6;46;CAMELINAT;;;;920
200900043515;9;4;30;855;1;2;1;1.0;6;64;16, DAILLY;;;;920
200900043563;9;10;31;1015;1;1;6;1.0;1;63;;M;0.0;0;800
200900043564;9;10;4;1415;1;2;1;3.0;3;484;;M;0.0;0;800
200900043570;9;10;28;1545;1;2;6;1.0;1;410;RUE JEAN MOULIN;M;4.0;0;800
200900043601;9;10;23;825;1;2;1;1.0;3;632;RD 408;;;;800
200900043602;9;10;6;1630;1;2;1;3.0;7;21;GENERAL DE GAULLE (AVENU;;;;800
200900043603;9;10;22;1315;1;2;3;1.0;3;21;00, ORATOIRE (RUE DE L');;;;800
200900043604;9;10;23;1455;1;2;2;1.0;3;21;00, DUFOUR (RUE);;;;800
200900043624;9;10;20;1335;1;2;1;1.0;3;21;00, PAIX (AVENUE DE LA);;;;800
200900043664;9;7;4;1615;1;2;1;1.0;3;389;RUE RENE COTY;M;0.0;0;220
200900043668;9;7;14;1015;1;1;1;1.0;1;203;;M;4.0;-;220
200900043680;9;7;6;1300;1;2;1;1.0;7;278;RUE ANATOLE FRANCE;;;;220
200900043722;9;5;17;1045;1;2;1;2.0;7;312;0, PRESIDENT KENNEDY (AV;;;;910
200900043725;9;5;26;1815;1;2;1;1.0;3;471;0, BOIS PERSAN (AVENUE D;;;;910
200900043737;9;5;1;1545;1;2;1;1.0;3;174;02, ROBINSON (RUE);;;;910
200900043812;9;6;12;1610;1;2;1;1.0;6;97;JEAN MOULIN (AVENUE);;;;910
200900043818;9;6;5;1040;1;2;1;1.0;7;223;3, BRIERES LES SCELLES (;;;;910
200900043827;9;6;14;1940;1;2;1;1.0;6;223;5, EGALITE (RUE DE L');;;;910
200900043830;9;6;7;1135;1;2;6;1.0;3;692;CD35;;;;910
200900043831;9;6;3;2030;1;2;3;1.0;3;691;02, PIERRE DE COUBERTIN(;;;;910
200900043852;9;6;19;1645;1;2;2;1.0;3;573;R Casanova/Cour J.Jaures;M;4.0;0;910
200900043871;9;6;30;2015;1;2;1;1.0;2;97;GEORGES COUBARD (RUE);;;;910
200900043872;9;6;24;1040;1;2;1;1.0;6;477;45, HUNIERE (CHEMIN DE L;;;;910
200900043877;9;6;19;2030;2;2;2;1.0;3;570;LAGRANGE (RUE LEO);;;;910
200900043881;9;6;17;1735;1;2;2;1.0;3;549;FONTAINE (ALLEE DE LA);;;;910
200900043937;9;6;25;1640;1;2;1;1.0;7;223;6, EGALITE (RUE DE L');;;;910
200900043940;9;6;3;1755;1;2;3;1.0;3;347;X, DOCTEUR DARIER (RUE D;;;;910
200900043948;9;6;28;1830;1;2;1;1.0;3;521;BLUM (RUE LEON);;;;910
200900043955;9;9;9;1815;1;2;3;1.0;3;65;Alouettes/Vieilles vigne;M;0.0;0;400
200900043972;9;9;23;1700;1;1;1;1.0;2;46;;;;;400
200900043976;9;9;30;1740;1;2;1;1.0;3;36;Allï¿½e des Sports, VIVAL;M;0.0;0;400
200900043982;9;9;13;1800;1;1;1;1.0;1;2;;M;0.0;0;400
200900043990;9;10;15;1910;1;2;5;1.0;3;121;0, BICENTENAIRE ( carref;;;;820
200900043997;9;10;13;1710;1;2;1;1.0;5;121;7, LABAT (RUE DU DOCTEUR;;;;820
200900044021;9;5;26;1030;1;2;3;1.0;3;415;Rue Lavigne;M;4.0;0;390
200900044023;9;5;22;1800;1;1;1;1.0;3;128;;M;4.0;0;390
200900044036;9;9;1;1700;1;2;1;1.0;5;220;Grande rue, CD02 PK48;M;4.0;0;740
200900044047;9;9;8;1915;1;2;1;1.0;3;213;Route des Vernods;M;4.0;0;740
200900044051;9;9;11;1210;1;2;1;1.0;6;10;9, BERTHOLLET;;;;740
200900044059;9;9;13;1100;1;1;1;1.0;1;56;ROUTE DES PRAZ;M;0.0;0;740
200900044061;9;9;14;625;1;2;3;1.0;6;10;AV GENEVE/RUE ROMANET;;;;740
200900044067;9;9;20;1145;1;2;3;1.0;1;272;r clermont/r Genette;M;0.0;0;740
200900044078;9;9;30;1340;1;2;9;1.0;3;305;DOUMER (rue PAUL);;;;740
200900044112;9;10;21;1825;1;2;3;1.0;6;445;RUE ADOUE/BD  PYRENEES;M;4.0;-;640
200900044114;9;7;8;940;1;2;1;1.0;2;383;8, AVENUE ROCKEFELLER;;;;690
200900044128;9;10;26;1645;1;2;1;1.0;2;335;PLACE DE LA  HOURQUIE;M;4.0;-;640
200900044132;9;10;30;1745;1;2;1;1.0;6;445;22 RUE MONTPENSIER;M;4.0;-;640
200900044142;9;10;7;1030;1;1;1;1.0;1;217;;M;0.0;0;202
200900044165;9;9;6;1405;1;2;1;1.0;6;85;0, CHASTAINGT (DIFFUSEUR;;;;870
200900044170;9;9;9;811;1;2;3;1.0;3;85;34, GUERIN (RUE CAMILLE);;;;870
200900044174;9;9;24;1756;1;2;1;1.0;6;50;0, VILLAGEAS (CHEMIN DU);;;;870
200900044193;9;9;24;1910;1;2;1;1.0;3;85;51, CEDRES (ALLEE DES);;;;870
200900044282;9;11;5;1500;1;1;1;7.0;1;69;;M;4.0;0;300
200900044286;9;11;10;1530;1;1;1;1.0;2;133;;M;4.0;0;300
200900044305;9;11;27;715;2;1;1;1.0;2;107;;M;4.0;0;300
200900044319;9;11;3;800;1;2;1;1.0;3;7;., MAS D'HOURS (QUAI DU);;;;300
200900044404;9;11;18;1440;1;2;3;1.0;3;445;AV POPLAWSKI/RUE ST JOHN;M;4.0;-;640
200900044419;9;11;24;1215;1;2;3;1.0;3;445;12, AV GAL DE GAULLE;M;4.0;-;640
200900044427;9;11;28;20;5;2;1;1.0;6;24;DASSAULT (AVENUE MARCEL);M;4.0;-;640
200900044462;9;5;2;1310;1;2;4;1.0;2;1;CLUB HIPPIQUE (AV);;;;130
200900044508;9;5;7;1235;1;1;6;1.0;3;117;XXX, ROUTE NATIONALE 113;;;;130
200900044525;9;5;19;1125;1;2;1;1.0;1;28;CD141;M;4.0;0;130
200900044546;9;5;24;1000;1;1;1;1.0;3;74;;M;4.0;0;130
200900044573;9;5;12;815;1;2;1;1.0;3;47;RD 569;M;4.0;0;130
200900044575;9;5;16;1755;1;1;1;1.0;6;47;D.5;M;4.0;0;130
200900044587;9;5;29;1300;1;2;3;1.0;3;55;348, BD ROMAIN ROLLAND;;;;130
200900044651;9;5;11;700;1;2;1;1.0;3;210;7, CAPELETTE (AVENUE DE;;;;130
200900044720;9;5;26;1530;1;2;1;1.0;3;55;RPT JEAN DE TCHORLOU;;;;130
200900044852;9;11;17;1600;2;1;2;2.0;3;137;;M;4.0;0;270
200900044856;9;6;5;1815;1;2;2;1.0;2;218;1, DUVAL RAOUL (BOULEVAR;M;4.0;0;420
200900044861;9;6;9;1610;1;2;9;1.0;3;44;RD 88;M;4.0;0;420
200900044899;9;11;23;745;5;2;2;1.0;3;7;0, BELFORT;;;;490
200900044903;9;11;26;1745;5;2;1;2.0;2;99;100, LORRAINE (RUE DE);;;;490
200900044906;9;11;20;800;5;2;2;1.0;2;7;0, MARIANNE BOULEVARD;;;;490
200900044909;9;11;19;1215;1;2;1;1.0;3;7;30, JAURES;;;;490
200900044915;9;11;27;1550;1;2;1;1.0;2;353;206, JEAN JAURES RUE;;;;490
200900044916;9;11;18;1215;1;2;3;1.0;3;99;73, DELHUMEAU PLESSIS (B;;;;490
200900044918;9;11;27;1605;1;2;2;1.0;3;7;11, MIRABEAU;;;;490
200900044919;9;11;28;900;1;2;1;2.0;1;15;5, DE GAULLE AVENUE DU G;;;;490
200900044942;9;11;12;1811;5;2;3;1.0;3;7;53, EBLE;;;;490
200900044962;9;5;6;1604;1;2;2;1.0;6;40;00, PAIX (AVENUE DE LA);;;;920
200900044969;9;5;17;1700;1;2;1;1.0;3;22;398, SALENGRO (AVENUE RO;;;;920
200900044971;9;5;17;1040;1;2;9;2.0;6;47;MAIRIE;;;;920
200900044974;9;5;30;1820;1;2;1;1.0;7;26;4, REFLETS (PLACE);;;;920
200900044979;9;5;13;937;1;2;1;1.0;6;51;05, RICHARD WALLACE (BOU;;;;920
200900044988;9;5;22;835;1;2;3;1.0;6;63;nï¿½ant, LA FONTAINE (RUE;;;;920
200900045007;9;5;29;950;1;2;2;1.0;2;26;PRï¿½SIDENT PAUL DOUMER (Q;;;;920
200900045015;9;5;24;1555;1;1;1;1.0;3;64;PARC SAINT CLOUD;;;;920
200900045021;9;5;16;1735;1;2;2;2.0;7;26;BOULEVARD CIRCULAIRE;;;;920
200900045027;9;5;30;940;1;2;1;1.0;3;36;109, GABRIEL PERI (AVENU;;;;920
200900045033;9;5;15;1745;1;2;1;1.0;3;20;15, TIMBAUD RUE JEAN-PIE;;;;920
200900045056;9;5;5;1910;1;2;1;1.0;6;49;15, PERI RUE GABRIEL Nï¾°1;;;;920
200900045057;9;5;11;1800;1;2;1;1.0;3;63;101, CHATAIGNERAIE (AVEN;;;;920
200900045064;9;5;11;1830;1;2;1;1.0;1;50;PICASSO PABLO AVENUE;;;;920
200900045111;9;5;15;2025;4;2;1;1.0;6;4;59, COLOMBES ( RUE DE 31;;;;920
200900045113;9;5;23;1945;1;2;3;1.0;7;4;2, GAMBETTA (RUE);;;;920
200900045123;9;10;5;730;3;1;6;1.0;6;17;;M;4.0;0;870
200900045158;9;10;13;1619;1;2;2;1.0;3;85;1, DUMAS (AVENUE GEORGES;M;4.0;0;870
200900045181;9;9;1;1700;1;2;1;1.0;1;149;29, PLAS (ALLEE HENRI);;;;310
200900045185;9;10;12;1720;1;2;1;1.0;3;555;999, AV JULES JULIEN;;;;310
200900045247;9;10;30;200;5;2;1;1.0;1;555;10, RUE DE METZ;;;;310
200900045263;9;10;30;1400;1;2;1;1.0;3;555;31, RUE DES FRERES LION;;;;310
200900045267;9;10;2;1150;1;2;2;1.0;3;555;999, RTE DE REVEL;;;;310
200900045283;9;10;9;1730;1;2;6;1.0;3;557;1, HAUT SAUT (CH DE L');M;4.0;0;310
200900045294;9;10;19;725;1;2;6;1.0;3;149;., COLLONGUES (RUE ETIEN;;;;310
200900045304;9;6;12;1905;1;2;1;1.0;2;218;14, AMPERE;M;4.0;0;420
200900045313;9;1;14;630;5;2;2;1.0;3;44;55, RASPAIL(RUE) 41A65 E;;;;920
200900045333;9;4;4;515;5;2;9;1.0;6;44;91, P.V.COUTURIER(RUE)81;;;;920
200900045358;9;10;16;1516;1;2;1;1.0;6;136;., MERCADER (BOULEVARD F;M;4.0;0;660
200900045360;9;10;26;1635;1;1;1;1.0;2;136;ESPAGNE (ROUTE D');;;;660
200900045373;9;11;10;1730;1;2;1;1.0;6;50;1, BUXEROLLES (ROUTE DE);;;;870
200900045403;9;11;30;1710;5;2;1;1.0;6;85;12, CLOS LES BRUNES (RUE;;;;870
200900045415;9;11;17;1747;5;2;1;1.0;6;85;110, LECLERC (AVENUE DU;;;;870
200900045422;9;11;24;1614;1;2;1;1.0;3;85;225, BAUDIN ( AVENUE) (V;M;4.0;0;870
200900045427;9;6;18;1730;1;2;4;1.0;1;330;11, GAMBETTA (PLACE);M;4.0;0;420
200900045428;9;6;22;1143;1;2;1;1.0;3;218;33, CHAMPROND;M;4.0;0;420
200900045433;9;7;7;1430;1;2;6;1.0;3;549;RD PT CD 117/SOUS N104;;;;910
200900045447;9;7;26;1045;1;2;1;1.0;1;577;Place du 08 mai 1945;M;4.0;0;910
200900045455;9;7;2;745;1;2;1;1.0;6;191;GARE (RUE DE LA);;;;910
200900045472;9;7;21;1430;1;2;1;1.0;3;421;00, SAULES (CHEMIN DES);;;;910
200900045485;9;7;8;1615;1;2;1;2.0;7;223;3, PETIT SAINT MARS (RUE;;;;910
200900045495;9;7;6;1510;1;2;1;1.0;6;589;07, VIRY (RUE DE);;;;910
200900045537;9;6;29;1600;1;2;2;1.0;3;187;1, RIVAGE (RUE DU);M;4.0;0;420
200900045545;9;6;3;1915;1;1;1;1.0;3;249;;M;4.0;0;420
200900045553;9;6;21;630;1;1;1;1.0;1;26;;M;4.0;0;420
200900045573;9;6;29;1915;1;2;1;1.0;2;184;265, PASTEUR (RUE);;;;420
200900045575;9;6;30;920;1;2;2;1.0;3;187;20, SEMARD (RUE PIERRE );;;;420
200900045576;9;6;30;915;1;2;1;1.0;6;71;20, DOMAINE BERGER (CHEM;;;;420
200900045601;9;8;14;1045;1;2;1;1.0;3;194;JOHN KENNEDY (AVENUE);;;;860
200900045621;9;9;20;745;1;1;1;1.0;3;48;;M;0.0;0;860
200900045625;9;9;9;1645;1;1;3;1.0;3;226;;M;0.0;0;860
200900045646;9;10;6;1815;1;2;1;1.0;1;142;D40 route de frozes;M;0.0;0;860
200900045658;9;10;19;1910;2;2;1;1.0;3;194;., LAFAYETTE (AVENUE DE);;;;860
200900045664;9;10;15;905;1;2;3;1.0;3;194;., CONCORDE (BOULEVARD D;;;;860