Num_Acc;an;mois;jour;hrmn;lum;agg;int;atm;col;com;adr;gps;lat;long;dep
200900045702;9;10;6;745;1;2;1;8.0;1;544;SPV, 32 ROUTE DE WEILER;M;4.0;0;670
200900045713;9;10;23;1100;1;2;2;2.0;6;482;SPV, RUE DE MOLSHEIM;M;0.0;0;670
200900045718;9;10;20;1630;1;2;1;1.0;3;482;SPV, ROUTE DE SCHIRMECK;M;0.0;0;670
200900045720;9;10;20;1910;5;2;1;1.0;3;482;SPV,R CONSEIL DES QUINZE;M;0.0;0;670
200900045725;9;10;21;1715;1;2;2;1.0;3;482;SPV, RUE DE ZURICH;M;0.0;0;670
200900045727;9;10;17;350;5;2;2;2.0;3;482;SPV, PONT DE LA BOURSE;M;0.0;0;670
200900045730;9;10;13;930;1;2;1;1.0;3;378;PV, R.Gï¿½N.LECLERC/NOYERS;M;0.0;0;670
200900045731;9;10;22;1740;1;2;3;1.0;3;482;PV,RTE ROMAINS/ENGELBREI;M;0.0;0;670
200900045736;9;10;19;1310;1;2;9;1.0;6;218;PV, 18 ROUTE DU RHIN;M;0.0;0;670
200900045749;9;10;1;1805;1;2;1;1.0;6;482;PV,18 RUE DE L ABREUVOIR;M;0.0;0;670
200900045750;9;10;3;1650;1;2;3;1.0;6;218;SPV, RUE LIXENBUHL;M;0.0;0;670
200900045752;9;10;3;1100;1;2;1;1.0;3;447;SPV, 69 RTE BISCHWILLER;M;0.0;0;670
200900045757;9;10;11;22;5;2;2;1.0;3;482;SPV, QUAI LEZAY MARNESIA;M;0.0;0;670
200900045759;9;10;12;716;1;2;2;1.0;3;482;SPV, QUAI KLEBER;M;0.0;0;670
200900045770;9;10;13;1830;1;2;1;1.0;3;482;SPV, 3 RUE COULAUX;M;0.0;0;670
200900045772;9;10;10;1345;1;2;2;3.0;3;482;SPV,ROND-POINT ESPLANADE;M;0.0;0;670
200900045778;9;10;12;1800;1;2;2;1.0;6;482;SPV, FUSTEL DE COULANGES;M;0.0;0;670
200900045788;9;11;16;1030;1;2;1;1.0;3;186;D.42  - PK 02 + 400;M;4.0;0;660
200900045823;9;8;6;845;1;2;9;1.0;3;300;Rond Point Lï¿½gion d'Honn;;;;170
200900045824;9;8;7;1715;1;2;1;1.0;3;291;ONZE NOVEMBRE   RUE DU;;;;170
200900045832;9;8;13;1623;1;2;9;1.0;6;300;HUNIER   PLACE DU PETIT;;;;170
200900045837;9;8;2;1005;1;2;1;1.0;7;300;MAIL   ALLEE DU;;;;170
200900045850;9;8;18;1315;1;1;1;1.0;3;323;;M;0.0;0;170
200900045862;9;8;8;1215;1;2;1;1.0;3;94;boulevard de la mer;M;4.0;-;170
200900045877;9;8;28;1730;1;2;1;1.0;7;200;ROSE   AVENUE DU FIEF;;;;170
200900045878;9;8;20;1730;1;2;1;1.0;6;300;BALANDE   RUE GASTON;;;;170
200900045882;9;8;27;320;5;2;1;1.0;6;300;SAUTEL  BOULEVARD ANDRE;;;;170
200900045894;9;8;26;2020;1;2;1;1.0;6;300;ACRE   ESPLANADE SAINT-J;;;;170
200900045896;9;8;22;2030;1;2;1;1.0;7;299;172990042, BELLOT QUAI;;;;170
200900045897;9;8;27;1440;1;2;9;1.0;6;28;GRASSET   AVENUE EDMOND;;;;170
200900045910;9;8;18;1450;1;2;1;1.0;6;415;2, NATIONAL 1 A 67 ET 2;;;;170
200900045914;9;8;24;1100;1;2;1;1.0;6;300;GRILLE   RUE DE LA;;;;170
200900045915;9;8;23;1910;1;2;2;1.0;3;200;HUIT MAI 1945   AVENUE D;;;;170
200900045917;9;8;8;1200;1;1;1;1.0;6;380;0, TAMARIS (AVENUE DES);;;;170
200900045930;9;8;30;1045;1;2;1;1.0;6;380;0, TREZ LA CHASSE (AVENU;;;;170
200900045938;9;8;14;1645;1;2;3;1.0;3;306;0, CLEMENCEAU  GEORGES (;;;;170
200900045945;9;5;28;940;1;2;1;8.0;7;310;1, GARE (PLACE DE LA);A;0.0;0;30
200900045956;9;5;2;1015;1;2;1;1.0;2;301;RUE ST HIPPOLYTE;A;0.0;0;30
200900045966;9;5;21;1045;1;1;1;1.0;1;6;;A;0.0;0;30
200900045987;9;6;17;1730;1;2;2;1.0;3;95;0, NOTRE DAME DES PRES (;;;;30
200900046020;9;10;20;1750;2;2;1;2.0;3;218;SANS, REPUBLIQUE (RUE DE;M;4.0;0;280
200900046040;9;10;3;1325;1;2;1;1.0;1;110;121, DU GORD;M;4.0;0;280
200900046069;9;8;5;1915;1;1;1;1.0;3;82;;M;0.0;0;240
200900046078;9;9;13;1144;1;2;1;1.0;5;53;52, ATUR (ROUTE D');;;;240
200900046140;9;9;7;835;1;2;6;1.0;3;299;GAMBETTA RUE;;;;170
200900046141;9;9;2;1600;1;2;1;1.0;3;300;LUXEMBOURG   AVENUE DE;;;;170
200900046143;9;9;14;850;1;2;1;1.0;3;300;SALINES   RUE DU PONT DE;;;;170
200900046148;9;9;29;715;5;2;1;1.0;7;299;172990065, BRIAND BOULEV;;;;170
200900046152;9;9;17;105;5;2;1;1.0;6;300;DAUPHINE   AVENUE DE LA;;;;170
200900046155;9;9;3;910;1;2;1;1.0;2;300;1, RAVEL   RUE MAURICE;;;;170
200900046159;9;9;14;1645;1;2;1;1.0;6;200;MOISY   AVENUE DU RECTEU;;;;170
200900046160;9;9;23;1845;1;2;1;1.0;7;449;174490005, AUNIS AVENUE;;;;170
200900046165;9;9;2;750;1;2;6;1.0;3;299;172990331, LEGION D'HONN;;;;170
200900046167;9;9;28;1550;1;2;1;1.0;6;300;ROYALE   AVENUE DE LA PO;;;;170
200900046168;9;9;24;1205;1;2;1;1.0;3;449;174490123, JOLIOT CURIE;;;;170
200900046174;9;9;8;756;1;2;6;1.0;2;300;MONNET   AVENUE JEAN;;;;170
200900046180;9;9;27;1645;1;1;1;1.0;2;258;;M;0.0;0;170
200900046206;9;9;7;840;1;2;1;1.0;6;306;0, PERCHE (DE LA) (BD);;;;170
200900046210;9;9;29;1131;1;2;3;1.0;3;333;0, DE LATTRE DE TASSIGNY;;;;170
200900046212;9;9;11;1600;1;2;1;1.0;6;306;0, LOUTRES (DES);;;;170
200900046256;9;12;5;1225;1;2;6;1.0;3;348;0, ERCKMAN CHATRIAN;M;4.0;-;640
200900046269;9;12;11;825;1;2;6;1.0;3;445;GIR  ALLEES DE MORLAAS;M;4.0;-;640
200900046342;9;1;8;925;1;2;1;1.0;3;31;31 AV GALLIENI;M;4.0;0;930
200900046345;9;1;4;1230;1;2;9;1.0;1;8;CARREFOUR DE LA FOLIE;M;4.0;0;930
200900046365;9;1;21;1640;1;2;2;1.0;3;62;BOSQUETS / COTEAUX;M;4.0;0;930
200900046430;9;8;17;1640;1;2;1;1.0;2;9;40, ALLEGRE (QUAI CNE);;;;330
200900046431;9;8;19;1130;1;2;2;1.0;3;9;8, BOUILLAUD (ALL.);;;;330
200900046435;9;8;23;1025;1;1;1;1.0;1;529;234, PISTE 214;;;;330
200900046441;9;9;29;1745;1;2;6;1.0;3;3;avenue Mendes France;M;0.0;0;330
200900046445;9;10;27;1116;1;2;1;1.0;3;5;;M;0.0;0;900
200900046457;9;10;6;1200;1;2;1;1.0;1;29;1, CURIE (RUE PIERRE ET;;;;900
200900046509;9;9;4;1530;1;2;1;1.0;3;32;12, MOZARD (RUE);;;;900
200900046510;9;9;16;1145;1;2;1;1.0;3;10;3, SALBERT (RUE DU);;;;900
200900046511;9;9;8;1900;1;2;1;1.0;3;32;1, LAVIE (RUE MARC ANTOI;;;;900
200900046543;9;8;13;1030;1;2;1;1.0;6;74;CD 790 -LA CROIX;M;4.0;-;220
200900046544;9;8;30;1130;1;1;1;1.0;2;133;;M;4.0;-;220
200900046565;9;8;26;1625;1;2;1;1.0;6;278;16 RUE DE GOUEDIC;;;;220
200900046566;9;8;17;1830;1;2;6;1.0;3;278;RD POINT CROIX MATHIAS;;;;220
200900046572;9;10;17;1230;1;1;2;1.0;5;289;ROUTE DE SEILLON;;;;10
200900046575;9;10;17;2200;5;2;1;1.0;2;344;RUE CABLES DE LYON;;;;10
200900046578;9;10;25;1130;1;2;1;1.0;3;344;RUE DENIS GIROD;;;;10
200900046595;9;10;15;1845;1;2;9;1.0;1;139;;M;0.0;0;10
200900046606;9;10;13;1600;1;1;1;6.0;2;7;;M;0.0;0;10
200900046614;9;10;27;1415;1;2;9;1.0;3;283;PLACE VAILLANT COUTURIER;;;;10
200900046624;9;11;13;650;3;2;1;8.0;6;344;936, AVENUE DE TREVOUX;;;;10
200900046687;9;9;8;1625;1;2;1;1.0;3;278;RUE MARCEL PROUST;;;;220
200900046703;9;9;2;1520;1;2;1;1.0;7;278;RUE XAVIER GRALL;;;;220
200900046736;9;10;30;1430;1;2;3;1.0;3;569;grande rue;M;4.0;0;550
200900046754;9;12;3;1730;5;2;1;2.0;3;69;RUE RAYMOND LAVIGNE;;;;330
200900046765;9;12;4;800;1;2;6;2.0;3;281;RUE DE CANEJEAN;;;;330
200900046769;9;12;3;820;1;2;6;2.0;3;318;AVE DE NOES;;;;330
200900046771;9;12;10;2220;5;2;2;1.0;3;63;CRS PASTEUR;;;;330
200900046787;9;12;4;1700;1;2;2;1.0;3;63;RUE DU LOUP;;;;330
200900046860;9;12;15;1235;1;2;1;1.0;6;7;0, BAMAKO;;;;490
200900046865;9;12;3;1022;1;2;1;1.0;7;7;0, PAPIN;;;;490
200900046871;9;12;5;2105;5;2;1;1.0;6;7;0, BRISSAC;;;;490
200900046872;9;12;2;1600;1;2;2;1.0;1;7;0, LANDE;;;;490
200900046875;9;12;2;1800;5;2;1;1.0;7;7;0, HANIPET PASSAGE ET RU;;;;490
200900046918;9;12;16;1440;1;2;3;1.0;3;99;8, NAPOLEON BONAPARTE (A;;;;490
200900046922;9;12;17;2000;5;2;1;8.0;7;7;0, MENDES FRANCE PLACE;;;;490
200900046935;9;10;21;1645;1;1;1;2.0;1;310;;M;0.0;0;740
200900047019;9;10;19;830;1;1;1;1.0;4;47;;M;0.0;0;170
200900047023;9;10;14;1415;1;2;1;1.0;3;16;route de Cognac;M;0.0;0;170
200900047025;9;10;8;1845;1;2;1;1.0;1;447;Rue CHATEAU DE CIGOGNE;M;0.0;0;170
200900047049;9;10;16;1705;1;2;1;1.0;6;300;277, CARNOT   AVENUE;;;;170
200900047055;9;10;29;1150;1;2;1;1.0;6;300;29, LECLERC   AVENUE DU;;;;170
200900047059;9;10;29;1837;5;2;9;1.0;2;300;CORDELIERS   AVENUE DES;;;;170
200900047063;9;10;27;915;1;2;1;1.0;2;300;104, GUITON   AVENUE JEA;;;;170
200900047081;9;10;30;505;5;2;3;1.0;3;299;172990065, BRIAND BOULEV;;;;170
200900047085;9;10;25;1505;1;2;6;1.0;3;299;172990295, POLYGONE ROND;;;;170
200900047091;9;10;12;1836;1;2;9;1.0;3;291;31, BRETAGNE   RUE DE;;;;170
200900047092;9;10;6;935;1;2;1;1.0;2;300;113, NORMANDIN   RUE EMI;;;;170
200900047093;9;10;2;1815;1;2;1;1.0;6;300;LECLERC   AVENUE DU GENE;;;;170
200900047102;9;10;3;1840;1;2;1;1.0;2;300;3, VESPUCCI   AVENUE AME;;;;170
200900047111;9;10;8;1510;1;2;1;1.0;1;300;1, SAINT-COME   RUE;;;;170
200900047113;9;10;6;1712;1;2;3;1.0;5;300;ORBIGNY   RUE ALCIDE D';;;;170
200900047120;9;10;5;805;2;2;3;1.0;3;300;JOFFRE   BOULEVARD (>79;;;;170
200900047136;9;2;11;1355;1;2;3;1.0;2;53;BREMENT / PARMENTIER;M;4.0;0;930
200900047177;9;2;17;1810;2;2;1;2.0;6;8;13 BD LENINE;M;4.0;0;930
200900047233;9;2;16;1715;1;2;1;1.0;3;29;54 AV JEAN JAURES;M;4.0;0;930
200900047245;9;2;6;740;2;2;6;1.0;3;5;MOUL DE LA VILLE / ROISS;M;4.0;0;930
200900047257;9;2;11;1145;1;2;1;1.0;3;5;91 AV DE NONNEVILLE;M;4.0;0;930
200900047274;9;2;11;1630;1;2;1;1.0;3;66;23 R DE LA REPUBLIQUE;M;4.0;0;930
200900047292;9;12;5;1800;3;2;4;1.0;3;160;;M;0.0;0;10
200900047298;9;12;31;1630;1;2;3;7.0;1;450;chemin du pont vieux;M;0.0;0;10
200900047309;9;12;11;1630;1;2;1;7.0;2;378;ROUTE DE LYON;M;0.0;0;10
200900047316;9;6;2;2035;1;2;1;1.0;3;50;115, PICASSO PABLO AVENU;;;;920
200900047421;9;6;27;635;1;2;3;1.0;3;26;AJOUX;;;;920
200900047422;9;6;16;945;1;2;2;1.0;6;75;JEAN BLEUZEN;;;;920
200900047433;9;6;22;1755;1;2;1;1.0;3;25;130, HENRI BARBUSSE (AV);;;;920
200900047434;9;6;22;1850;1;2;1;1.0;6;63;10, CLEMENCEAU (AVENUE G;;;;920
200900047469;9;6;19;1830;1;1;2;1.0;3;48;., PATTE D'OIE (CARREFOU;;;;920
200900047471;9;6;26;1900;1;2;1;1.0;2;50;70, FUSILLES DE LA RESIS;;;;920
200900047479;9;6;11;1815;1;2;2;1.0;3;48;ONZE NOVEMBRE 1918 (AVEN;;;;920
200900047483;9;6;8;830;1;2;1;1.0;3;48;14, PARIS (RUE DE) Nï¾° 12;;;;920
200900047486;9;6;19;1750;1;2;1;1.0;3;36;18, PIERRE TIMBAUD (RUE);;;;920
200900047518;9;6;22;830;1;2;1;1.0;3;9;19, GENERAL LECLERC ( RU;;;;920
200900047539;9;6;4;825;1;2;1;1.0;6;24;90, GENERAL ROGUET (RUE;;;;920
200900047541;9;6;17;925;1;2;2;1.0;3;24;95, VICTOR HUGO (BD);;;;920
200900047569;9;3;21;845;1;2;1;1.0;3;5;56 R JULES VALLES;M;4.0;0;930
200900047626;9;3;8;1015;1;2;3;2.0;3;46;COLLAVERI / LAINE;M;4.0;0;930
200900047630;9;3;17;1730;1;2;2;1.0;3;14;SEVIGNE / POSTES;M;4.0;0;930
200900047653;9;3;28;1925;5;2;1;2.0;3;66;29 BD MARCEL SEMBAT;M;4.0;0;930
200900047671;9;3;5;840;1;2;1;1.0;3;66;AV JEANNE D'ARC;M;4.0;0;930
200900047697;9;3;27;1652;1;2;1;1.0;3;66;226 AV DU PRES WILSON;M;4.0;0;930
200900047708;9;3;19;1500;1;2;2;7.0;3;51;MEDERIC / PRINCES;M;4.0;0;930
200900047741;9;11;9;900;1;2;1;7.0;3;224;rue des champs de foire;M;4.0;-;170
200900047752;9;11;5;2110;5;2;1;2.0;3;299;172990102, COCHON DUVIVI;;;;170
200900047754;9;11;30;1000;1;2;1;1.0;6;300;09, LECLERC   AVENUE DU;;;;170
200900047770;9;11;25;825;2;2;1;1.0;2;306;0, SEMIS (AVENUE DES);;;;170
200900047786;9;11;4;1225;1;2;1;3.0;6;300;1, PRUNIER   QUAI LOUIS;;;;170
200900047826;9;12;11;1900;3;1;3;1.0;3;157;A REGULARISER;;;;860
200900047847;9;12;20;1045;1;2;1;1.0;6;194;123, FAUBOURG SAINT CYPR;;;;860
200900047851;9;12;21;1435;1;2;1;3.0;3;194;93, GENCAY (ROUTE DE);;;;860
200900047858;9;12;1;1525;1;1;1;1.0;2;299;172990384, RD 137;;;;170
200900047864;9;12;1;940;1;1;1;1.0;3;461;0, EXPRESS (VOIE);;;;170
200900047891;9;12;10;730;3;1;1;1.0;2;193;;M;0.0;0;170
200900047900;9;12;18;820;2;2;6;1.0;3;300;JOFFRE   BOULEVARD (1/25;;;;170
200900047912;9;12;18;1505;1;2;1;1.0;3;300;71, GRASSET   AVENUE EDM;;;;170
200900047919;9;12;21;940;1;2;2;1.0;3;300;VILLENEUVE   RUE;;;;170
200900047935;9;4;23;1220;1;2;1;1.0;2;299;172990037, BEGON ROND PO;;;;170
200900047942;9;12;16;1535;1;2;1;1.0;7;202;GINESTE (AVENUE DE LA);;;;120
200900047953;9;11;24;1545;1;1;1;1.0;7;301;;M;4.0;0;70
200900047988;9;4;29;1700;1;2;1;1.0;6;143;80, JAURES (RUE JEAN);;;;440
200900047989;9;4;30;1750;1;2;1;1.0;6;109;88, QUAI DE LA FOSSE;;;;440
200900048009;9;4;16;1015;1;2;1;1.0;6;109;GABORY  ( BD EMILE );;;;440
200900048026;9;4;6;1915;1;2;6;2.0;3;109;RUE PAUL PAINLEVE;;;;440
200900048043;9;4;14;1545;1;1;1;1.0;3;98;RUE DE LA FONTAINE ST JE;M;0.0;0;440
200900048064;9;4;25;1445;1;2;1;1.0;7;114;-, RUE DU PONT MARCHAND;;;;440
200900048075;9;4;21;1655;1;2;1;1.0;6;55;5, ANDRï¿½ ( ESPLANADE FRA;;;;440
200900048088;9;5;24;1205;1;2;1;1.0;1;55;5, HEURTEAU ( AVENUE );;;;440
200900048092;9;5;21;1831;1;2;1;1.0;2;55;1, OCï¿½AN ( BOULEVARD DE;;;;440
200900048098;9;5;4;1640;1;2;1;1.0;3;184;83, TRIGNAC (RUE DE);;;;440
200900048110;9;5;30;1510;1;2;1;1.0;3;162;BOULEVARD WINSTON CHURCH;;;;440
200900048122;9;5;27;825;1;2;2;1.0;3;132;1, SAINT SEBASTIEN (AVEN;;;;440
200900048159;9;5;12;1925;1;2;6;2.0;3;109;0, RUE DES HAUTS PAVES;;;;440
200900048168;9;5;25;1900;1;2;6;3.0;3;109;., QUAI ANDRE MORICE;;;;440
200900048186;9;6;24;900;1;2;1;1.0;3;109;RUE DES HAUTS PAVES;;;;440
200900048188;9;6;18;1655;1;2;2;8.0;3;109;63, RUE DE LA MARSEILLAI;;;;440
200900048194;9;6;24;1340;1;2;6;1.0;3;162;BOULEVARD CHARLES DE GAU;;;;440
200900048204;9;6;30;1225;1;2;1;1.0;3;109;9, RUE PRESIDENT EDOUARD;;;;440
200900048222;9;6;6;1915;1;2;1;1.0;3;117;RUE DES MESANGES;M;0.0;0;440
200900048223;9;6;3;1530;1;1;2;1.0;3;175;RUE DE KERVILLY;M;0.0;0;440
200900048233;9;6;23;1815;1;1;1;1.0;3;96;;M;0.0;0;440
200900048239;9;6;13;1900;1;1;1;1.0;1;122;LA FOUCAUDIï¿½RE;M;0.0;0;440
200900048248;9;6;5;2040;1;2;1;1.0;6;109;11, RUE HENRI IV;;;;440
200900048268;9;6;19;2305;4;1;1;1.0;3;184;49, FORT DE L'EVE (ROUTE;;;;440
200900048279;9;7;21;1130;1;2;1;1.0;3;198;10 RUE DE LA SANGLERIE;M;0.0;0;440
200900048280;9;7;25;1515;1;2;1;1.0;1;52;47 RUZE DE GRAMMONT;M;0.0;0;440
200900048288;9;7;8;1015;1;1;1;1.0;3;87;;M;0.0;0;440
200900048307;9;7;30;1644;1;2;2;9.0;3;109;PONT GENERAL AUDIBERT;;;;440
200900048314;9;7;28;1745;1;2;1;1.0;2;135;1, KISSLEGG ( BOULEVARD;;;;440
200900048320;9;7;15;1555;1;2;1;1.0;6;109;39, ROUTE DE CLISSON;;;;440
200900048324;9;7;28;1210;1;2;3;1.0;3;109;., RUE DU CORPS DE GARDE;;;;440
200900048325;9;7;22;1201;1;2;2;1.0;3;55;1, GOUNOD ( AVENUE CHARL;;;;440
200900048333;9;7;10;1745;1;2;1;1.0;6;190;15, BOULEVARD DES PAS EN;;;;440
200900048340;9;7;19;1501;1;2;1;1.0;3;184;1, PERRAULT (RUE CLAUDE);;;;440
200900048346;9;7;26;945;1;2;2;1.0;3;184;Bï¿½AC (ROUTE DE);;;;440
200900048369;9;8;19;1905;1;2;3;1.0;3;184;RUES PICHON/ ST NAZAIRE;;;;440
200900048378;9;8;4;1315;1;2;9;1.0;1;52;RUE PASCO DU PLESSIS;M;0.0;0;440
200900048383;9;8;10;1000;1;2;1;1.0;1;10;ROUTE DE KERLAN;M;0.0;0;440
200900048410;9;8;3;310;4;2;1;1.0;6;135;10, KERDUN ( AVENUE DE );;;;440
200900048424;9;8;29;2245;5;2;2;1.0;6;109;105, RUE DES RENARDS;;;;440
200900048430;9;8;16;1220;1;2;1;1.0;6;135;13, FOCH ( IMPASSE DU MA;;;;440
200900048433;9;8;15;1815;1;2;6;1.0;3;132;1, HECQUEUX (AVENUE DU);;;;440
200900048436;9;8;10;1240;1;2;9;1.0;6;109;00, BOULEVARD SALVADOR A;;;;440
200900048440;9;8;29;745;1;2;1;1.0;6;109;RUE DES HAUTS PAVES;;;;440
200900048457;9;9;30;1435;1;2;1;1.0;6;184;39, MITTERRAND (AVENUE F;;;;440
200900048460;9;9;29;1945;1;2;6;1.0;3;135;4, FRANCHET D'ESPEREY (;;;;440
200900048469;9;9;26;1950;2;2;3;1.0;3;109;., RUE DE PORT MARIA;;;;440
200900048471;9;9;28;1320;1;2;6;1.0;3;109;RUE DE LA PATOUILLERIE;;;;440
200900048476;9;9;23;1715;1;2;1;1.0;3;109;BOULEVARD LELASSEUR;;;;440
200900048480;9;9;21;1610;1;2;1;1.0;6;109;ROUTE DE RENNES;;;;440
200900048481;9;9;18;1710;1;2;6;1.0;6;109;QUAI CEINERAY;;;;440
200900048483;9;9;15;1750;1;2;1;1.0;6;109;18/19, RUE DE LA MARNE;;;;440
200900048494;9;9;7;1015;1;2;1;1.0;6;109;13, BOULEVARD DES POILUS;;;;440
200900048498;9;9;12;2110;5;2;1;1.0;6;143;ALSACE-LORRAINE (RUE);;;;440
200900048501;9;9;8;850;1;2;1;1.0;6;143;MORINIERE (LA);;;;440
200900048507;9;9;29;1205;1;2;6;1.0;3;109;., RUE DU CORPS DE GARDE;;;;440
200900048514;9;9;7;1515;1;1;1;1.0;2;209;LE PIGEON BLANC;M;0.0;0;440
200900048517;9;9;4;1915;1;1;1;7.0;1;110;;M;0.0;0;440
200900048519;9;9;12;1130;1;1;1;1.0;6;68;LE BOIS BEL AIR;M;0.0;0;440
200900048534;9;10;2;1500;1;1;1;1.0;3;109;RUE CHEVREUL;;;;440
200900048535;9;10;15;1840;2;2;1;1.0;2;109;2, BOULEVARD SALVADOR AL;;;;440
200900048545;9;10;8;1350;1;2;1;1.0;3;109;5, RUE DE LA LOMBARDERIE;;;;440
200900048571;9;10;1;1730;1;2;2;1.0;6;109;ROUTE DE LA CHAPELLE SUR;;;;440
200900048577;9;10;27;1900;5;2;2;1.0;1;109;16, RUE DE MONASTIR;;;;440
200900048578;9;10;8;1500;1;2;2;2.0;6;143;GALARNIERE (RUE DE LA);;;;440
200900048589;9;10;26;900;1;1;6;9.0;3;10;KERMOISAN;M;0.0;0;440
200900048597;9;10;7;745;2;1;1;1.0;2;26;BD EPINAY;M;0.0;0;440
200900048598;9;10;26;2030;3;1;1;1.0;3;193;;M;0.0;0;440
200900048611;9;10;6;1135;1;2;4;2.0;3;184;PARï¿½ (RUE AMBROISE);;;;440
200900048619;9;10;17;1852;1;2;4;1.0;3;184;LAENNEC (BD DU DR RENï¿½);;;;440
200900048620;9;10;27;1715;1;2;6;1.0;3;184;BOUIN (PLACE JEAN);;;;440
200900048635;9;9;12;1425;1;2;1;1.0;3;260;., GAHINET(RUE GILLES);;;;560
200900048644;9;9;26;1515;1;1;1;7.0;1;120;;M;0.0;0;560
200900048678;9;9;12;1500;1;1;1;1.0;1;89;;M;4.0;-;560
200900048703;9;11;11;1600;1;2;1;7.0;2;398;Avenue Gal de Gaulle;M;4.0;0;550
200900048716;9;7;21;745;1;2;1;1.0;1;263;rue nicolazic;M;0.0;0;560
200900048722;9;7;28;1315;1;1;6;1.0;7;94;;M;4.0;-;560
200900048740;9;7;21;1500;1;1;1;8.0;1;177;;M;4.0;-;560
200900048741;9;7;22;1730;1;2;1;1.0;3;34;84 chemin de Beaumer;M;4.0;-;560
200900048753;9;7;7;1233;1;2;6;1.0;3;98;., ALLENDE ( AV. PRESIDE;M;4.0;-;560
200900048756;9;7;29;1005;1;2;6;1.0;3;260;., REMY(BOULEVARD DU COL;M;4.0;-;560
200900048757;9;7;15;825;1;2;2;1.0;3;121;., LE GOFFIC (RUE  CHARL;M;4.0;-;560
200900048777;9;6;4;1930;1;1;3;1.0;3;332;REMPARTS (RUE DES);;;;590
200900048784;9;6;22;1545;1;2;1;1.0;6;230;13, ARISTIDE BRIAND (RUE;;;;590
200900048823;9;6;19;1345;1;2;1;1.0;1;461;rue de DOMPIERRE;M;0.0;0;590
200900048864;9;6;4;1700;1;2;1;1.0;6;491;34, REPUBLIQUE (RUE DE L;;;;590
200900048865;9;6;22;1300;1;2;1;1.0;6;350;ERFURT PONT;;;;590
200900048888;9;6;25;825;1;2;3;1.0;3;350;112, JACQUET EUGENE RUE;;;;590
200900048889;9;6;23;740;1;2;1;1.0;3;350;13, TURGOT RUE;;;;590
200900048907;9;6;22;1815;1;2;1;1.0;2;279;24, DENNETIERE (RUE ARTH;;;;590
200900048908;9;6;18;1630;1;2;1;1.0;3;9;69, BARATTE GASTON RUE;;;;590
200900048916;9;6;25;155;5;2;1;2.0;2;350;12, CARREL ARMAND RUE;;;;590
200900048936;9;6;13;1740;1;2;3;1.0;3;350;DE LILLE ALAIN RUE;;;;590
200900048939;9;6;30;1420;1;2;3;1.0;3;512;DELORY  (AVENUE GUSTAVE);;;;590
200900048954;9;6;1;1330;1;2;6;1.0;3;599;0, HASSEBROUCQ (PLACE VI;;;;590
200900048955;9;6;15;1850;1;1;2;2.0;2;152;boulevard de la lys;;;;590
200900048973;9;7;24;1400;1;1;1;1.0;1;258;;M;0.0;0;590
200900048989;9;7;1;2035;2;2;2;1.0;3;178;REPUBLIQUE (BOULEVARD DE;;;;590
200900048990;9;7;6;1400;1;2;1;1.0;3;155;., FURNES - ROUTE;;;;590
200900048994;9;7;6;905;1;2;2;1.0;3;183;., LOUBET - AVENUE;;;;590
200900048998;9;7;7;955;1;2;1;1.0;7;155;87, GHESQUIERE HENRI;;;;590
200900049012;9;7;28;745;1;2;2;1.0;6;9;00, LABROUSSE RUE DES EP;;;;590
200900049013;9;7;17;1220;1;2;1;1.0;6;350;00, STRASBOURG BOULEVARD;;;;590
200900049023;9;7;17;1545;1;2;1;1.0;2;9;CHAPPE RUE;;;;590
200900049025;9;7;14;1640;1;2;1;1.0;6;527;51, DE LATTRE TASSIGNY.A;;;;590
200900049040;9;7;17;1550;1;2;1;1.0;3;179;FACE 24, LANNOY (R.SUZAN;;;;590
200900049047;9;7;8;1820;1;2;3;1.0;3;9;ROUBAIX AVNUE DE;;;;590
200900049054;9;7;16;1805;1;2;1;1.0;3;14;69, JAURES (RUE JEAN);;;;590
200900049145;9;8;22;1350;1;1;2;1.0;1;512;BAVAI (RUE DE);;;;590
200900049153;9;8;27;1000;1;1;1;1.0;2;163;ZOLA (BOULEVARD EMILE);;;;590
200900049157;9;8;22;1510;1;2;3;1.0;3;514;28, FERRIERE (AVENUE DE);;;;590
200900049184;9;8;8;1920;1;2;9;1.0;3;588;0000, CHAPEAU ROUGE - RO;;;;590
200900049198;9;8;24;830;1;2;1;7.0;1;401;RUE NATIONALE;M;0.0;0;590
200900049206;9;8;31;1645;1;1;1;1.0;7;663;;M;0.0;0;590
200900049207;9;8;20;1230;1;1;1;1.0;1;641;;M;0.0;0;590
200900049212;9;8;25;1530;1;2;1;1.0;1;11;rue Roger Salengro;M;0.0;0;590
200900049221;9;8;17;510;5;2;1;1.0;6;540;nï¿½ant, SAMARITAINE;;;;590
200900049277;9;8;25;700;5;2;1;1.0;2;488;1152, ARRAS (ROUTE);;;;590
200900049283;9;8;14;1740;1;1;1;1.0;6;512;CONFERENCE (RUE DE LA);;;;590
200900049314;9;9;14;1320;1;1;1;1.0;3;650;LIBERTE (BOULEVARD DE LA;;;;590
200900049317;9;9;7;1630;1;2;7;1.0;3;512;LIBERTE (PLACE DE LA);;;;590
200900049330;9;9;5;1815;1;2;1;1.0;6;540;nï¿½ant, PRANARD CHARLES;;;;590
200900049337;9;9;17;1950;5;2;2;1.0;6;368;186, POMPIDOU G. RUE DU;;;;590