Num_Acc;an;mois;jour;hrmn;lum;agg;int;atm;col;com;adr;gps;lat;long;dep
200900049340;9;9;14;1110;1;2;2;1.0;3;540;000, CORELLI - BOULEVARD;;;;590
200900049344;9;9;5;1625;1;2;1;1.0;6;350;464, DUNKERQUE AVENUE;;;;590
200900049375;9;9;26;1045;1;1;2;1.0;5;657;;M;5.0;0;590
200900049404;9;9;4;1130;1;2;1;1.0;3;160;403, DEPORTES (RUE DES);;;;590
200900049408;9;9;30;1740;1;2;1;1.0;2;386;107, MENIN RUE DE;;;;590
200900049426;9;10;17;1500;1;2;1;1.0;5;280;3 RUE D'HALTINNES;M;0.0;0;590
200900049442;9;10;6;930;1;2;9;2.0;3;51;rue d'estaires;M;0.0;0;590
200900049443;9;10;25;1100;1;1;1;1.0;1;319;;M;5.0;0;590
200900049513;9;10;9;1115;1;2;1;1.0;6;350;SOLFERINO RUE Nï¾°1 A 159;;;;590
200900049514;9;10;23;900;1;2;1;1.0;6;350;51, PORT RUE Nï¾°2 A 88-1;;;;590
200900049516;9;10;9;2030;4;2;1;6.0;3;350;LORRAINE BOULEVARD;;;;590
200900049524;9;10;13;835;1;2;1;1.0;6;350;LIBERTE BVD Nï¾°147 A FIN-;;;;590
200900049527;9;10;23;1930;5;2;1;2.0;2;350;GUESDE JULES RUE;;;;590
200900049545;9;10;22;1830;2;2;9;1.0;6;350;001, FUSILLES RUE DES;;;;590
200900049546;9;10;9;1700;1;2;1;1.0;6;9;001, 8 MAI 1945 RUE DU A;;;;590
200900049552;9;10;21;1500;1;2;1;1.0;3;350;243, NATIONALE RUE Nï¾°RES;;;;590
200900049581;9;10;7;1855;2;2;1;2.0;3;350;54, LIBERTE BVD Nï¾°2 A 90;;;;590
200900049587;9;10;5;1630;1;2;2;1.0;6;360;00, SALVADOR ALLENDE;;;;590
200900049589;9;10;5;1735;1;2;1;2.0;2;599;PONT ROMPU (RUE DU);;;;590
200900049592;9;11;5;900;1;2;1;2.0;3;586;rue de Grande Campagne;M;0.0;0;590
200900049595;9;11;7;1900;5;2;1;1.0;1;51;;M;0.0;0;590
200900049601;9;11;6;2045;3;1;1;8.0;2;400;;M;5.0;0;590
200900049640;9;11;29;1145;1;2;1;1.0;6;569;DOUAI (RUE DE);;;;590
200900049674;9;11;2;1615;1;2;2;1.0;3;350;SALENGRO ROGER RUE;;;;590
200900049690;9;11;24;1910;5;2;2;1.0;6;350;CARREL ARMAND RUE;;;;590
200900049697;9;11;24;1805;5;2;1;1.0;6;328;69, DELESCAUX HENRI AVEN;;;;590
200900049702;9;11;2;1740;1;2;1;1.0;2;410;24, ACACIAS AVENUE DES;;;;590
200900049706;9;11;6;745;2;2;3;1.0;5;508;LILLE (RUE DE)MENIN A 8;;;;590
200900049714;9;11;23;750;1;1;1;3.0;1;512;BEAUREPAIRE (BOULEVARD);;;;590
200900049718;9;11;17;1210;1;2;9;1.0;3;368;230, DE GAULLE RUE DU GE;;;;590
200900049725;9;11;7;1100;1;1;6;1.0;3;9;001, SAINT GHISLAIN ROND;;;;590
200900049755;9;12;4;1325;1;2;1;2.0;2;9;OUEST BOULEVARD DE L;;;;590
200900049770;9;12;13;1700;4;2;2;1.0;6;350;MASSENA RUE Nï¾°  RESTE;;;;590
200900049795;9;12;14;835;1;1;2;1.0;3;512;NATIONS UNIES (AVENUE DE;;;;590
200900049808;9;12;6;1400;1;2;1;2.0;3;368;202, DE GAULLE RUE DU GE;;;;590
200900049809;9;12;30;1;5;2;3;2.0;3;183;., MACHY PAUL;;;;590
200900049817;9;12;3;1150;1;2;1;1.0;6;350;60, NATIONALE RUE Nï¾°2 A;;;;590
200900049849;9;9;30;1505;1;1;3;1.0;3;350;39, HUGO VICTOR RUE;;;;590
200900049871;9;12;16;1530;1;2;1;8.0;3;127;allï¿½e de la Rï¿½publique;M;0.0;0;460
200900049883;9;11;9;1545;1;1;1;8.0;6;265;;M;4.0;0;310
200900049918;9;11;26;2200;5;2;1;1.0;3;555;91, ALL CHARLES DE FITTE;;;;310
200900049930;9;11;27;1415;1;2;6;1.0;3;555;999, CHE CARROSSE;;;;310
200900049984;9;12;17;1342;1;2;2;1.0;3;63;RUE JEAN HAMEAU;;;;330
200900049999;9;12;22;1827;5;2;1;2.0;3;63;CRS DE L'INTENDANCE;;;;330
200900050005;9;12;26;1100;1;2;3;1.0;3;63;CRS BALGUERIE STUTTENBER;;;;330
200900050007;9;12;26;1845;5;2;2;1.0;3;75;AVE D'AQUITAINE;;;;330
200900050042;9;12;15;1350;1;2;1;1.0;3;555;999, RUE GABRIEL PERI;;;;310
200900050077;9;12;24;1706;2;2;1;2.0;3;555;10, BD SILVIO TRENTIN;;;;310
200900050084;9;12;16;810;1;2;1;1.0;3;555;999, AV FREDERIC ESTEBE;;;;310
200900050117;9;10;29;905;1;2;1;1.0;3;261;DE LATTRE DE TASSIGNY (B;;;;370
200900050128;9;10;21;750;2;2;1;2.0;3;261;41, GRAMMONT (AVENUE DE);;;;370
200900050134;9;10;1;818;2;2;1;1.0;6;261;VERDUN (CARREFOUR DE);;;;370
200900050135;9;10;2;820;1;2;2;1.0;3;261;NATIONALE (RUE);;;;370
200900050143;9;10;8;1220;1;1;1;1.0;6;122;AMBOISE (RUE D');;;;370
200900050192;9;12;12;1835;5;2;1;1.0;2;181;LOUIS BLANC (QUAI);;;;720
200900050213;9;12;23;1130;1;1;2;1.0;3;231;;M;4.0;0;720
200900050216;9;12;19;1530;1;1;3;4.0;3;300;;M;0.0;0;720
200900050228;9;3;16;1830;1;2;1;1.0;6;555;44, IMP DE LA GLACIERE;;;;310
200900050230;9;5;31;1220;1;2;2;1.0;3;555;RUE DE FENOUILLET;;;;310
200900050238;9;12;2;825;2;2;1;8.0;3;557;73, TARBES (ROUTE DE);M;4.0;0;310
200900050254;9;4;28;1130;1;1;1;1.0;6;151;;M;0.0;0;340
200900050255;9;4;5;1400;1;1;1;1.0;6;79;;M;4.0;0;340
200900050258;9;4;16;1415;1;1;1;1.0;3;151;;M;4.0;0;340
200900050271;9;4;27;1845;1;2;2;1.0;3;327;rue de la Monnaie;M;4.0;0;340
200900050277;9;4;22;1600;1;1;1;6.0;2;299;;M;4.0;0;340
200900050354;9;6;28;1745;1;1;3;1.0;3;523;LE MONT HUE;M;4.0;-;140
200900050360;9;6;26;1115;1;1;2;1.0;3;494;;M;4.0;-;140
200900050413;9;7;20;750;1;2;6;1.0;3;118;1, DEBARQUEMENT (ROND PO;;;;140
200900050422;9;8;10;2200;2;2;3;1.0;3;366;1, CAMP FRANC (RUE DU);;;;140
200900050427;9;8;14;1845;1;2;2;1.0;5;565;;M;4.0;-;140
200900050429;9;8;14;1115;1;2;1;1.0;1;656;RD562;M;4.0;-;140
200900050439;9;8;11;945;1;1;1;1.0;2;675;;M;4.0;-;140
200900050451;9;8;22;2055;2;2;6;1.0;3;366;61, SAINTE ANNE (BOULEVA;;;;140
200900050475;9;9;26;930;1;1;6;7.0;3;530;;M;4.0;-;140
200900050500;9;10;15;1500;1;1;3;7.0;3;754;CHEMIN DU CHATEAU/D27;M;4.0;0;140
200900050514;9;10;29;910;1;2;1;1.0;6;366;0, PARIS (ROUTE DE);M;4.0;0;140
200900050535;9;11;8;1100;1;1;3;1.0;5;514;;M;4.0;0;140
200900050553;9;11;30;2330;5;2;1;1.0;1;118;24, SAINT MARTIN (RUE);M;4.0;-;140
200900050608;9;10;7;1330;1;2;3;1.0;3;139;R.D.608 - P.K.3 -;M;0.0;0;260
200900050623;9;10;29;1610;1;2;3;1.0;6;281;Neant, DOLET ETIENNE (RU;;;;260
200900050627;9;10;27;1635;1;2;3;1.0;6;281;DUCHESNE (AVENUE);;;;260
200900050628;9;10;23;1700;1;2;3;1.0;6;281;Neant, MAGNARD (RUE);;;;260
200900050654;9;11;22;1500;1;1;1;1.0;6;512;QUAI DU SARTEL;;;;590
200900050661;9;10;20;1800;1;2;1;1.0;3;62;rue perrault;M;0.0;0;530
200900050664;9;10;31;1445;1;1;2;1.0;3;265;;M;4.0;-;530
200900050665;9;10;20;1715;1;2;1;1.0;2;84;route de RENNES;M;4.0;-;530
200900050693;9;7;24;1030;1;2;1;1.0;3;310;143, ETATS-UNIS (BOULEVA;;;;30
200900050738;9;3;29;910;1;2;1;1.0;2;83;57, HAILLICOURT (RUE DES;;;;620
200900050748;9;3;14;1140;1;2;1;1.0;6;570;55, PREMIER MAI;;;;620
200900050754;9;3;11;1330;1;2;1;1.0;6;498;159, MAES (AV. ALFRED );;;;620
200900050791;9;3;19;830;1;2;2;1.0;3;95;CD159 PR 0;M;5.0;0;620
200900050812;9;4;16;800;1;2;1;2.0;1;637;26, CROMBEZ (R HENRIETTE;;;;620
200900050820;9;4;4;1350;1;2;1;1.0;3;250;72, SALENGRO (R ROGER);;;;620
200900050957;9;5;19;1500;1;2;1;1.0;1;811;grand rue face au 19;M;5.0;0;620
200900050982;9;6;15;1325;1;2;1;1.0;6;193;PETIT COURGAIN (GRANDE R;;;;620
200900050983;9;6;25;1905;1;2;3;1.0;3;108;146, HAUT BANC;;;;620
200900050988;9;6;14;1200;1;2;1;3.0;3;65;11, THUMERELLE ACHILLE;;;;620
200900051007;9;6;16;1615;1;2;1;1.0;3;38;;M;5.0;0;620
200900051010;9;6;19;1915;1;2;1;1.0;1;441;rue du chateau;M;0.0;0;620
200900051038;9;6;24;1525;1;2;6;1.0;4;277;ARRAS;;;;620
200900051107;9;12;20;1030;1;2;1;4.0;1;194;78, PRUNIERS (ROUTE DE);;;;410
200900051127;9;4;6;15;5;2;5;1.0;3;46;BRIAND / GUTENBERG;M;4.0;0;930
200900051131;9;4;16;1642;1;2;1;2.0;3;48;128 R DE LA NOUV FRANCE;M;4.0;0;930
200900051180;9;4;11;1945;1;2;1;1.0;6;66;R DE LA REPUBLIQUE;M;4.0;0;930
200900051199;9;4;12;1600;1;2;2;1.0;3;70;JAURES / BAUER;M;4.0;0;930
200900051230;9;4;29;1850;1;2;1;1.0;3;32;05 R PIERRE BEZET;M;4.0;0;930
200900051236;9;4;24;1416;1;2;3;1.0;3;29;133 R SADI CARNOT;M;4.0;0;930
200900051255;9;4;17;1210;1;2;1;1.0;3;5;10 R AUGUSTE RENOIR;M;4.0;0;930
200900051270;9;4;30;1745;1;2;4;1.0;2;77;NEUILLY / ROUSSELET;M;4.0;0;930
200900051337;9;5;4;2120;5;2;1;1.0;7;646;24 R DE PROVENCE;M;4.0;0;780
200900051342;9;5;15;745;1;2;1;1.0;6;646;R DU MARECHAL FOCH;M;4.0;0;780
200900051345;9;5;19;840;1;2;2;1.0;3;646;AV ROCKFELLER/ST CLOUD;M;4.0;0;780
200900051356;9;11;7;850;1;2;6;2.0;3;445;RP DES ALLEES DE MORLAAS;M;4.0;-;640
200900051368;9;6;4;815;1;2;3;1.0;3;490;R DE LA GARE;M;4.0;0;780
200900051423;9;6;17;650;2;2;3;1.0;3;624;AV LA FORET/SENTE MARAIS;M;4.0;0;780
200900051436;9;6;26;915;1;2;2;2.0;3;674;VAL JOYEUX/RAMBOUILLET;M;4.0;0;780
200900051455;9;6;17;1800;1;1;4;1.0;3;524;RD 186/SORTIE PARLY 2;M;4.0;0;780
200900051459;9;6;22;1810;1;2;1;1.0;3;646;8 BIS R DE L'ORANGERIE;M;4.0;0;780
200900051471;9;11;9;825;1;2;3;1.0;3;445;RUE CASTETNAU/J.REVEIL;M;4.0;-;640
200900051473;9;11;13;1520;1;2;1;1.0;3;445;AV DE BUROS;M;4.0;-;640
200900051510;9;12;16;1800;1;2;9;1.0;6;348;GIR AVENUE  DU TONKIN;M;4.0;-;640
200900051561;9;11;20;1745;1;2;6;1.0;1;100;RUE DE L AUMONERIE;M;0.0;0;790
200900051577;9;12;10;1825;5;2;2;1.0;3;191;AVENUE DE LA ROCHELLE;;;;790
200900051578;9;12;14;1520;1;2;3;2.0;3;191;RUE DE GOISE;;;;790
200900051591;9;12;26;2005;5;2;1;1.0;1;81;RUE DU PUITS DE LA VILLE;;;;790
200900051635;9;5;27;1500;1;2;1;1.0;3;172;SANS, GANGES (ROUTE DE;;;;340
200900051642;9;5;31;2035;5;2;3;1.0;7;172;PALAVAS (AVENUE DE);M;4.0;0;340
200900051647;9;5;27;825;1;2;1;1.0;3;172;8, REPUBLIQUE (RUE DE LA;M;4.0;0;340
200900051655;9;5;27;1723;1;2;1;1.0;6;172;1, LEDRU-ROLLIN (BOULEVA;M;4.0;0;340
200900051658;9;5;6;1920;1;2;1;1.0;3;172;0, DUBOUT (AVENUE ALBERT;M;4.0;0;340
200900051666;9;5;29;1635;1;2;1;1.0;6;3;64, SAINT VINCENT (T5 A;;;;340
200900051668;9;5;15;755;1;2;1;8.0;6;3;RICHELIEU (D8 0 E8 ET E1;M;4.0;0;340
200900051690;9;10;29;1500;1;1;3;1.0;3;1;;M;0.0;0;400
200900051716;9;7;6;1800;1;1;1;1.0;2;333;;M;4.0;0;390
200900051724;9;1;2;1505;1;2;1;7.0;2;448;6, RUE DE L'AULNE;M;4.0;0;520
200900051742;9;5;27;1500;1;2;7;1.0;6;64;LECRIVAIN / CAVARE;M;4.0;0;930
200900051817;9;5;23;1320;1;2;1;1.0;3;7;AV CHARLES FLOQUET;M;4.0;0;930
200900051820;9;5;19;1120;1;2;1;1.0;6;5;BD FELIX FAURE;M;4.0;0;930
200900051821;9;5;25;1755;1;2;1;1.0;5;5;RTE DES PETITS PONTS;M;4.0;0;930
200900051841;9;5;20;820;1;2;1;1.0;3;27;AV ROGER SALENGRO;M;4.0;0;930
200900051861;9;5;10;1345;1;1;3;1.0;3;73;VAILLANT / FLORIMONT;M;4.0;0;930
200900051863;9;5;15;2220;5;2;3;1.0;7;78;CIRCULAIRE / AULNES;M;4.0;0;930
200900051910;9;5;1;1550;1;2;6;1.0;3;29;RDPT  REPIQUET;M;4.0;0;930
200900051934;9;11;16;900;1;2;3;1.0;1;14;le bourg;M;4.0;0;190
200900051949;9;11;20;1530;1;2;3;1.0;3;31;MALRAUX (AVENUE ANDRE);M;4.0;0;190
200900051960;9;12;1;755;5;2;6;3.0;3;47;., SPORTS (AVE DES);;;;650
200900051996;9;11;18;1750;1;2;1;1.0;6;218;58, REPUBLIQUE (RUE DE L;M;4.0;0;280
200900052050;9;11;11;1445;1;1;1;1.0;1;258;;M;0.0;0;260
200900052062;9;11;5;930;1;1;1;1.0;1;317;;M;4.0;0;260
200900052071;9;11;24;1600;1;1;1;1.0;4;58;SANS N, CHANALETS CHEMIN;;;;260
200900052072;9;11;24;1120;1;2;4;1.0;3;281;neant, POUCHELON (RUE);;;;260
200900052092;9;9;14;1100;1;2;6;1.0;2;97;rond point de Pontarlier;M;0.0;0;390
200900052095;9;9;6;945;1;2;1;1.0;1;97;avenue Jean Jaures;M;0.0;0;390
200900052103;9;6;3;1315;1;1;1;1.0;6;68;;M;0.0;0;390
200900052142;9;12;21;1620;1;2;2;1.0;6;281;BONNET (AVENUE DU DOCTEU;;;;260
200900052146;9;10;31;1645;1;2;3;1.0;3;101;RD.322;M;0.0;0;390
200900052165;9;6;9;1600;1;2;1;1.0;7;32;LADOUX JEAN (RUE);;;;340
200900052209;9;6;27;1745;1;1;1;1.0;3;81;;M;0.0;0;340
200900052224;9;6;22;2110;1;2;6;1.0;2;32;VERDUN (BD DE);;;;340
200900052241;9;6;17;1550;1;2;1;1.0;3;172;0, MENDE (ROUTE DE);M;4.0;0;340
200900052283;9;6;23;1105;1;2;6;1.0;1;172;COLOMB (PLACE CHRISTOPHE;M;4.0;0;340
200900052286;9;6;16;1826;1;2;2;8.0;1;172;VANIERES (AVENUE DE);M;4.0;0;340
200900052287;9;6;11;2030;1;2;3;1.0;3;4;0, MARX DORMOY QUAI;;;;130
200900052291;9;6;4;1640;1;2;1;1.0;3;4;07, REVOLUTION RUE DE LA;;;;130
200900052302;9;6;11;1445;1;2;1;1.0;3;4;1, LICES BOULEVARD DES;;;;130
200900052334;9;6;17;1530;1;1;1;7.0;3;60;;M;0.0;0;130
200900052340;9;6;20;1515;1;1;1;1.0;5;30;;M;4.0;0;130
200900052379;9;6;12;1020;1;1;2;1.0;3;1;/, BARTHELEMY VERA (CHEM;;;;130
200900052384;9;6;24;920;1;2;1;1.0;5;63;ANCIENS COMBATTANTS AVEN;;;;130
200900052400;9;6;27;1500;1;2;1;1.0;2;1;/, SAUZE LUCIEN (PL);;;;130
200900052436;9;6;24;1000;1;2;1;1.0;6;203;11, SERY (RUE);;;;130
200900052462;9;6;27;1230;1;2;1;1.0;2;208;19, POMPIDOU (PROMENADE);;;;130
200900052498;9;6;21;1500;1;2;1;1.0;1;55;Lï¿½ON LACHAMP (ROUTE);;;;130
200900052506;9;6;19;1240;1;2;1;1.0;1;2;*362, ETIENNE CUCCA-C;M;4.0;0;130
200900052517;9;6;26;1155;1;2;1;1.0;6;209;1, ROMAIN ROLLAND (BOULE;;;;130
200900052519;9;6;10;1815;1;2;1;1.0;2;204;28, SAINT BARNA (AVENUE);;;;130
200900052524;9;6;10;950;1;2;1;1.0;2;201;26, COLBERT (RUE)    2 A;;;;130
200900052591;9;6;18;845;1;2;6;1.0;2;2;1, GENERAL MONTSABERT (A;;;;130
200900052592;9;6;4;1130;1;2;1;1.0;3;208;RABATAU (BOULEVARD);;;;130
200900052661;9;12;7;1600;1;2;2;2.0;1;121;BLD MARECHAL JUIN;M;4.0;0;520
200900052690;9;8;18;1820;1;2;1;1.0;6;262;1, LORRAINE (QUAI DE);;;;110
200900052691;9;8;6;905;1;2;3;1.0;6;262;1, MONTEL (RUE EUGENE);;;;110
200900052694;9;8;5;1217;1;2;1;1.0;2;262;;;;;110
200900052698;9;8;31;1330;1;2;2;1.0;3;262;1, ESCOUTE (PONT DE L');;;;110
200900052712;9;9;25;1750;1;2;1;1.0;2;262;1, GRUISSAN (ROUTE DE);;;;110
200900052716;9;9;2;1405;1;2;1;1.0;3;262;1, HUBERT MOULY (AVENUE);;;;110
200900052717;9;9;18;505;5;2;3;1.0;3;262;1, ARAGO (RUE);;;;110
200900052743;9;5;20;1800;1;2;1;1.0;1;120;sans, TOUTES RUES;;;;202
200900052774;9;7;22;2230;3;1;1;1.0;2;40;;M;4.0;0;130
200900052879;9;7;21;955;1;2;1;1.0;3;55;8, RUE DU CARGO RHIN FID;M;4.0;0;130
200900052906;9;7;7;800;1;2;1;1.0;2;208;211, ROUET (RUE DU);;;;130
200900052944;9;7;6;1810;1;2;6;1.0;3;208;314, PRADO (ROND-POINT);;;;130
200900052948;9;7;10;1905;2;2;6;1.0;3;209;LUMINY (AVENUE DE);;;;130
200900052974;9;7;2;1715;1;2;1;1.0;3;55;96, BOISSON (BOULEVARD);;;;130
200900052988;9;7;17;850;1;2;4;1.0;3;55;101, BD DE SAINT MARCEL;;;;130
200900053019;9;7;12;655;1;2;1;1.0;2;55;AVE DE SAINT MENET;;;;130
200900053035;9;7;26;1840;1;2;1;1.0;3;208;95, POMPIDOU (PROMENADE);;;;130
200900053126;9;10;21;1740;1;2;1;1.0;2;262;1, FRANCE (AVENUE ANATOL;;;;110
200900053153;9;7;2;1909;1;2;3;1.0;3;172;ECOLE DE MEDECINE (RUE);;;;340
200900053163;9;7;7;1000;1;2;3;1.0;2;172;27, CLEMENCEAU (AVENUE G;M;4.0;0;340
200900053165;9;7;2;1819;1;2;1;1.0;6;172;COMEDIE (PLACE DE LA);;;;340
200900053179;9;7;9;2045;1;2;1;1.0;3;172;1, FOCH (RUE);M;4.0;0;340
200900053207;9;7;29;800;1;2;2;1.0;3;183;face cave cooperative;M;4.0;0;340
200900053209;9;7;8;1900;1;1;1;1.0;2;82;;M;0.0;0;340
200900053212;9;7;29;845;1;1;1;7.0;1;199;;M;4.0;0;340
200900053228;9;7;11;1700;1;2;1;1.0;3;150;cd 612;M;0.0;0;340
200900053241;9;7;31;200;3;1;1;1.0;1;315;;M;4.0;0;340
200900053246;9;7;22;1845;1;1;1;1.0;1;282;;M;4.0;0;340
200900053247;9;7;29;1645;1;2;1;1.0;3;134;chemin tourtourel;M;4.0;0;340
200900053264;9;7;18;1845;1;2;1;1.0;3;3;GENTILSHOMMES (H16 A L17;;;;340
200900053265;9;7;11;1100;1;2;1;1.0;3;3;GENTILSHOMMES (H16 A L17;;;;340
200900053274;9;7;25;1830;1;2;1;1.0;3;3;GENTILSHOMMES (H16 A L17;;;;340
200900053278;9;7;6;5;5;2;1;1.0;3;3;SAINT CHRIST (M7 A H11;;;;340
200900053305;9;1;19;2115;5;2;2;1.0;3;50;JOILIOT CURIE F. ET IREN;;;;920
200900053311;9;6;13;1227;1;2;1;1.0;2;23;34, TROSY (RUE DU);;;;920
200900053333;9;6;23;1605;1;2;6;1.0;2;7;RAVERA (AVENUE HENRI) Nï¾°;;;;920
200900053360;9;6;14;1130;1;2;1;1.0;1;33;PROM ANDRE BALLU;M;4.0;0;930
200900053377;9;6;11;1730;1;2;1;1.0;2;31;52 BD FOCH;M;4.0;0;930
200900053379;9;6;8;700;1;2;1;1.0;3;5;PONT PIERRE BROSSOLETTE;M;4.0;0;930
200900053388;9;6;25;1835;1;2;1;1.0;3;48;32 BD PAUL VAIL COUTURI;M;4.0;0;930
200900053395;9;6;18;1030;1;2;2;1.0;3;48;LAGNY / MARCEAU;M;4.0;0;930
200900053405;9;6;24;1725;1;2;1;1.0;3;48;22/24 R DE LAGNY;M;4.0;0;930
200900053427;9;6;24;1745;1;2;1;1.0;1;47;57 AV DESCARTES;M;4.0;0;930
200900053439;9;6;16;1740;1;2;1;1.0;1;66;176 BD ANATOLE FRANCE;M;4.0;0;930
200900053463;9;6;22;830;1;2;6;1.0;3;51;NEUILLY / MONT D'EST;M;4.0;0;930
200900053503;9;6;20;2005;1;2;1;1.0;1;70;115 BIS R DES ROSIERS;M;4.0;0;930
200900053561;9;7;5;1930;1;2;2;1.0;3;49;GINOUX AV. HENRI Nï¾°1 A 9;;;;920
200900053562;9;7;6;1910;1;2;9;1.0;3;36;6, JEAN JACQUES ROUSSEAU;;;;920
200900053585;9;7;19;235;5;2;2;9.0;3;50;Route Nationale  314;;;;920
200900053591;9;7;15;1815;1;2;6;1.0;3;19;BERGNEUSTADT (ROND POINT;;;;920
200900053595;9;7;15;1955;1;2;1;1.0;6;22;19, FONTAINE HENRI IV (R;;;;920
200900053631;9;7;18;1230;1;2;1;1.0;3;73;161, SELLIER (BOULEVARD;;;;920
200900053638;9;7;1;1950;1;2;1;1.0;6;25;ILE MARANTE(PARC LAGRAVE;;;;920
200900053648;9;7;17;910;1;2;1;1.0;3;63;20, SARDOU (RUE VICTORIE;;;;920
200900053657;9;7;29;1245;1;2;1;1.0;3;4;6, MENIL;;;;920
200900053661;9;7;17;1500;1;2;9;1.0;3;24;18, GEORGES BOISSEAU (RU;;;;920
200900053696;9;7;1;1540;1;2;1;1.0;3;23;GARENNE (ROUTE DE LA);;;;920
200900053726;9;8;4;1000;1;2;1;1.0;2;26;, VERDUN (DE 62 A FIN);;;;920
200900053735;9;8;7;810;1;2;2;1.0;3;49;43, REPUBLIQUE AVENUE DE;;;;920
200900053753;9;8;21;1535;1;2;2;1.0;3;64;DIX-HUI JUIN;;;;920
200900053775;9;8;26;1710;1;2;1;1.0;6;4;76, ARGENTEUIL AV D';;;;920
200900053780;9;8;26;1425;1;2;1;1.0;3;4;13, REDOUTE ( AVENUE DE;;;;920
200900053793;9;8;23;1325;1;2;1;1.0;3;50;304, REPUBLIQUE AVENUE D;;;;920
200900053794;9;8;27;1845;1;2;1;1.0;6;4;10, PAUL DEROULEDE;;;;920
200900053882;9;9;25;1030;1;2;2;1.0;3;50;BARBUSSE HENRI RUE;;;;920
200900053896;9;9;24;1355;1;2;1;9.0;6;50;SEINE BOULEVARD DE;;;;920
200900053902;9;9;24;1745;1;2;2;1.0;3;4;VOLTAIRE ( BD );;;;920
200900053923;9;9;27;1220;1;2;1;1.0;3;49;127, BRIAND AVENUE ARIST;;;;920
200900053934;9;9;10;1730;1;2;4;1.0;3;62;POUEY (RUE LOUIS) Nï¾° 1 A;;;;920
200900053962;9;9;7;1755;1;2;3;1.0;3;25;EDGARD QUINET (BD);;;;920
200900053964;9;9;25;905;1;2;3;1.0;1;50;REPUBLIQUE AVENUE DE LA;;;;920
200900053966;9;9;29;1845;1;2;1;1.0;6;71;COULEE VERTE;;;;920
200900053991;9;9;29;1600;1;2;2;1.0;6;23;LAZARE CARNOT (RUE);;;;920
200900054024;9;12;9;1205;1;2;1;1.0;6;95;6, FAUBOURG LA VABRE (RU;M;4.0;0;480
200900054027;9;12;23;745;2;1;1;8.0;3;140;;M;0.0;0;480
200900054032;9;12;15;640;3;1;1;1.0;2;529;., RD 112;;;;330
200900054066;9;10;22;725;5;2;6;1.0;2;147;RUE DE LA CROUTE;M;4.0;-;500
200900054067;9;10;2;1610;1;2;1;1.0;6;129;15, R. ANCIEN HOTEL DIEU;M;4.0;-;500
200900054068;9;10;11;1820;1;2;1;1.0;3;129;RUE MARQUISE;M;4.0;-;500
200900054077;9;10;6;720;5;2;3;3.0;3;129;PL REPUBLIQUE/R T.CARREE;M;4.0;-;500
200900054121;9;12;9;600;5;2;1;2.0;7;129;03, RUE ARMAND LEVEEL;M;4.0;-;500
200900054164;9;8;4;1845;1;2;1;1.0;3;3;GENTILSHOMMES (H16 A L17;;;;340
200900054166;9;8;7;1240;1;2;1;1.0;3;3;25, MARSEILLAN (A16 A B1;;;;340
200900054234;9;8;3;1045;1;1;1;2.0;2;172;sans, PALAVAS (AVENUE DE;M;4.0;0;340
200900054266;9;11;9;1015;1;2;5;1.0;6;318;AVE DU MARECHAL LYAUTEY;;;;330
200900054286;9;11;13;1835;5;2;2;1.0;3;63;RUE KIESER;;;;330
200900054296;9;11;5;840;1;2;1;2.0;3;63;132, RTE DE TOULOUSE;;;;330
200900054297;9;11;5;1400;1;2;1;3.0;2;522;85, CRS GAMBETTA;;;;330
200900054302;9;11;13;820;1;2;2;1.0;3;550;CHEM DE GALGON;;;;330
200900054310;9;11;6;900;1;2;1;1.0;2;39;3, RUE ANDRE LAPELLETRIE;;;;330
200900054324;9;11;3;1610;1;2;1;1.0;7;63;QUAI LOUIS XVIII;;;;330
200900054326;9;11;20;915;1;1;1;1.0;7;533;;M;0.0;0;330
200900054351;9;11;22;1515;1;2;1;1.0;3;46;;M;4.0;-;330
200900054377;9;11;19;1315;1;2;1;1.0;3;63;RUE DE CANOLLE;;;;330
200900054380;9;11;26;805;1;2;1;2.0;3;119;11, AVE JEAN JAURES;;;;330
200900054391;9;11;27;1710;1;2;1;1.0;3;281;AVE DU BEDAT;;;;330
200900054403;9;11;18;1025;1;2;4;1.0;3;522;RUE FREDERIC SEVENE;;;;330
200900054410;9;11;17;855;1;2;3;1.0;3;63;CRS DU MARECHAL GALLIENI;;;;330
200900054467;9;11;3;1010;1;2;1;8.0;2;529;., HUGO (RUE VICTOR);;;;330
200900054479;9;10;16;1920;5;2;1;1.0;3;318;PASS RENEE ET GASTON REY;;;;330
200900054491;9;10;26;1825;5;2;6;1.0;1;281;AVE DE LA LIBERATION;;;;330
200900054504;9;10;21;1350;1;2;1;8.0;3;63;104, RUE DE BEGLES;;;;330
200900054505;9;10;16;745;1;2;4;1.0;6;550;RTE DE LEOGNAN;;;;330
200900054507;9;10;20;1635;1;2;2;1.0;7;63;BD GEORGE V;;;;330
200900054514;9;10;14;1515;1;1;1;1.0;3;238;;M;0.0;0;330
200900054517;9;10;31;1600;1;1;1;1.0;6;51;;M;4.0;-;330
200900054519;9;10;17;1800;1;2;1;1.0;1;268;CD 2 rue de la tremoille;M;4.0;-;330
200900054521;9;10;15;745;3;1;1;1.0;2;466;;M;4.0;-;330
200900054531;9;10;24;1045;1;2;1;1.0;1;213;4 bis ave du G.de Gaulle;M;0.0;0;330