Num_Acc;an;mois;jour;hrmn;lum;agg;int;atm;col;com;adr;gps;lat;long;dep
200900054557;9;10;12;1805;1;2;2;1.0;3;281;AVE MARCEL DASSAULT;;;;330
200900054599;9;10;30;1930;5;2;1;1.0;3;63;55, RUE BELAIR;;;;330
200900054639;9;10;14;1750;1;2;3;1.0;3;281;PCE CHARLES DE GAULLE;;;;330
200900054642;9;10;13;1850;1;2;1;2.0;3;63;RD PT DE BRIENNE;;;;330
200900054653;9;10;8;1230;1;2;6;1.0;7;281;AVE ROLAND GARROS;;;;330
200900054705;9;11;28;500;5;2;1;6.0;2;121;13 C, ROHAN ( Q DE );;;;560
200900054709;9;11;22;1640;1;2;1;1.0;7;121;., KERDUAL ( IMP. DE );M;4.0;-;560
200900054732;9;11;4;1548;1;2;1;1.0;7;121;., PELLETAN ( IMP CAMILL;M;4.0;-;560
200900054739;9;11;15;1208;1;2;1;1.0;7;121;., LOTE (RUE  RENE );M;4.0;-;560
200900054752;9;7;18;1130;1;2;1;1.0;7;121;69, KERJULAUDE ( PONT DE;M;4.0;-;560
200900054756;9;7;24;1057;1;1;1;1.0;7;162;., DEPARTEMENTALE 152 (;;;;560
200900054759;9;7;27;944;1;2;6;1.0;3;121;., COSMAO-DUMANOIR ( BD;M;4.0;-;560
200900054775;9;10;26;1745;1;2;9;1.0;1;151;rue de la ville meneu;M;4.0;-;220
200900054797;9;10;5;725;5;1;1;2.0;2;215;RUE GUY DE MAUPASSANT;;;;220
200900054826;9;10;29;1515;1;2;1;1.0;6;175;TOUR DE VILLE;M;4.0;0;470
200900054838;9;10;8;1030;1;2;1;2.0;1;1;22, COURS WASHINGTON /PO;M;4.0;0;470
200900054855;9;11;25;1020;1;2;5;1.0;2;1;FUMADELLES /FERRY/BARBUS;M;4.0;0;470
200900054870;9;11;17;1836;5;2;3;1.0;1;1;135,BD  LIBERTï¿½/DESCARTE;M;4.0;0;470
200900054872;9;11;30;1536;1;2;2;8.0;3;1;10, DENFERT ROCHEREAU (R;M;4.0;0;470
200900054880;9;12;11;1545;1;1;3;1.0;7;181;;M;4.0;0;470
200900054890;9;12;7;1110;1;2;1;2.0;2;323;32, BORDENEUVE (AVENUE J;M;4.0;0;470
200900054896;9;12;21;1845;5;2;1;1.0;5;1;3, LACOUR (BD EDOUARD);M;4.0;0;470
200900054922;9;11;5;1815;5;2;3;8.0;3;465;RUE DU NOYEUX/RTE D'ONCO;M;4.0;0;880
200900054931;9;11;17;1830;5;2;1;3.0;2;372;70 RUE ARISTIDE BRIAND;M;4.0;0;880
200900054959;9;9;28;650;5;2;3;1.0;3;172;CADIER (RUE DU PASTEUR J;M;4.0;0;340
200900054960;9;9;15;1150;1;2;1;1.0;2;172;PORTALIERE DES MASQUES (;M;4.0;0;340
200900054969;9;9;24;935;1;2;1;1.0;7;172;7, ALBERT 1ER (PLACE);M;4.0;0;340
200900054973;9;9;25;805;1;1;1;1.0;3;129;., D132;M;4.0;0;340
200900054977;9;9;12;1040;1;2;3;1.0;1;129;0, THUYAS (RUE DES);M;4.0;0;340
200900054982;9;9;2;1300;1;2;1;1.0;6;172;NOUVEAU MONDE (ALLEE DU);M;4.0;0;340
200900054986;9;9;15;1615;1;2;3;1.0;3;301;AUCUN, JAURES JEAN (RUE);M;4.0;0;340
200900054991;9;9;9;930;1;1;1;7.0;3;145;;M;0.0;0;340
200900055000;9;9;29;1145;1;1;1;1.0;6;192;;M;0.0;0;340
200900055015;9;9;3;915;1;1;1;1.0;1;63;;M;4.0;0;340
200900055027;9;9;2;1350;1;2;3;1.0;6;172;LODEVE (AVENUE DE;M;4.0;0;340
200900055029;9;9;3;2030;5;2;1;1.0;3;172;MOULINS (AVENUE DES;M;4.0;0;340
200900055041;9;9;10;1435;1;2;1;1.0;7;172;0, MALBOSC (RUE DE);M;4.0;0;340
200900055110;9;8;5;1830;1;2;1;7.0;3;56;17, SOIXANTIEME R.I. AVE;;;;250
200900055111;9;8;5;711;1;2;4;1.0;3;56;sans, DOLTO RUE;;;;250
200900055112;9;8;5;1208;1;2;1;1.0;3;56;4, LYAUTEY  RUE MARECHAL;;;;250
200900055122;9;8;15;1645;1;2;1;1.0;3;578;Rue de la Piscine;M;0.0;0;250
200900055137;9;8;23;1855;1;2;2;1.0;1;56;SANS, JOUFFROY PLACE D'A;;;;250
200900055140;9;8;17;1835;1;2;1;1.0;7;56;6, CARCO RUE FRANCIS;;;;250
200900055152;9;9;24;1410;1;2;1;1.0;3;56;13, BELFORT RUE DE <144;;;;250
200900055164;9;9;30;1405;1;2;1;1.0;3;31;10, VERGERS (RUE DES);;;;250
200900055177;9;9;22;806;1;2;6;1.0;3;56;SANS, MONTBOUCONS CHEMIN;;;;250
200900055199;9;9;8;1305;1;2;1;1.0;2;56;10, MIDOL RUE;;;;250
200900055211;9;10;7;1400;1;1;1;1.0;2;24;;M;4.0;0;250
200900055216;9;10;7;1230;1;1;3;1.0;3;442;;M;0.0;0;250
200900055247;9;10;15;1514;1;2;1;1.0;7;56;29, JOURNAUX CHEMIN DES;;;;250
200900055248;9;10;13;1650;1;2;1;1.0;3;580;GRANDE RUE;;;;250
200900055250;9;10;13;1739;1;2;1;1.0;2;56;SANS, VESOUL RUE DE > 52;;;;250
200900055251;9;10;7;755;1;2;9;1.0;3;56;sans, DOLE RUE DE >200;;;;250
200900055266;9;11;17;1816;1;2;3;2.0;3;56;06, OBSERVATOIRE AVENUE;;;;250
200900055286;9;12;9;1405;1;2;1;1.0;2;388;GRAND -CHARMONT (ROUTE D;;;;250
200900055309;9;10;19;1439;1;1;3;1.0;3;225;ROUTE NATIONALE 20;;;;90
200900055325;9;9;13;1210;1;2;2;1.0;3;310;0, JAURES (RUE JEAN);;;;30
200900055356;9;9;26;900;1;1;1;1.0;6;224;Ht CARREFOUR Ex D 11;M;4.0;0;450
200900055365;9;9;8;1855;1;2;4;1.0;3;234;R ST MARC/R MALAKOFF;M;4.0;0;450
200900055373;9;9;18;1650;1;2;3;1.0;1;75;AV G.CLEMENCEAU/MAISON R;M;4.0;0;450
200900055411;9;11;6;1040;1;2;6;1.0;6;219;rue de l'audience;M;4.0;0;950
200900055412;9;11;20;845;1;2;3;1.0;1;203;TARBE DES SABLONS (RUE);M;4.0;0;950
200900055426;9;11;5;1748;5;2;3;2.0;6;18;rue d'arras;M;4.0;0;950
200900055428;9;11;4;850;1;2;6;1.0;6;203;MARGENCY (ROUTE DE);M;4.0;0;950
200900055432;9;11;19;1530;1;2;1;1.0;1;527;rue de la belle etoile;M;4.0;0;950
200900055445;9;10;7;1630;1;2;1;1.0;1;93;LD LES ANCISES;A;0.0;0;30
200900055461;9;10;12;745;5;2;2;2.0;1;95;0, BICENTENAIRE (BOULEVA;A;0.0;0;30
200900055463;9;10;2;650;5;2;5;1.0;3;23;AUBERGER (AVENUE FERNAND;A;0.0;0;30
200900055465;9;5;26;1530;1;1;1;8.0;1;326;OLOF PALME (AVENUE);;;;770
200900055477;9;5;27;1140;1;2;6;1.0;3;305;MONNET (ROND POINT JEAN);;;;770
200900055512;9;5;3;930;1;1;1;1.0;1;470;;M;0.0;0;770
200900055528;9;5;21;1500;1;2;2;1.0;3;192;AV DU GENERAL DE GAULLE;M;0.0;0;770
200900055557;9;5;21;950;1;2;1;1.0;6;390;JEAN MONNET (AVENUE);;;;770
200900055569;9;11;14;1520;1;2;1;1.0;3;310;0, FRANCHET D'ESPEREY (B;;;;30
200900055570;9;11;4;820;1;2;3;2.0;3;310;0, JAURES (RUE JEAN);;;;30
200900055598;9;10;25;1630;1;1;1;7.0;3;224;;M;4.0;0;450
200900055609;9;10;6;2020;5;2;1;1.0;3;147;68 RTE CHANTEAU - GIRATO;M;4.0;0;450
200900055619;9;10;19;800;1;2;1;1.0;3;75;84 RTE D'ORLEANS;M;4.0;0;450
200900055623;9;10;21;840;1;2;3;2.0;3;284;FG BOURGOGNE/AL CLOS VER;M;4.0;0;450
200900055664;9;5;24;1720;1;2;9;1.0;6;17;ignore, MESSINES (RUE DE;;;;590
200900055669;9;6;28;2030;1;2;1;1.0;6;17;95, LAGRANGE (AVENUE LEO;;;;590
200900055671;9;8;14;1850;1;1;6;1.0;3;317;PAVE DE LA CHAPELLE;;;;590
200900055690;9;7;2;1500;1;2;1;1.0;2;88;0, GROSSO (JUSQU'AU Nï¾° 5;;;;60
200900055740;9;7;2;2200;5;2;1;1.0;3;88;60, MONTEL (BD PAUL);;;;60
200900055849;9;7;12;1220;1;2;1;1.0;6;29;114, TONNER (AVENUE FRAN;;;;60
200900055888;9;7;24;1020;1;2;2;1.0;3;4;NOVEMBRE 11 AVE;;;;60
200900055912;9;7;23;1540;1;2;1;1.0;7;69;x, COMTESSES (CHEMIN ET;;;;60
200900056009;9;6;4;2005;1;2;3;1.0;3;108;GUETTE (CHEMIN DE LA);;;;770
200900056070;9;6;30;1650;1;2;1;1.0;1;407;47, MARINIERS(ALLEE DES);;;;770
200900056084;9;6;21;1945;1;2;3;1.0;1;445;0, EUROPE (AVENUE DE L');;;;770
200900056088;9;6;21;1215;1;2;1;1.0;7;373;93, LUCIEN BRUNET (RUE);;;;770
200900056103;9;7;23;930;1;2;1;1.0;1;100;RUE DE LA REINE BLANCHE-;M;0.0;0;770
200900056108;9;7;9;1730;1;2;3;1.0;3;18;04 ï¿½ 06, BOIS DE TROU (;;;;770
200900056125;9;7;5;1830;1;1;2;1.0;3;384;D.57;;;;770
200900056160;9;7;22;900;1;1;6;1.0;3;374;CD 471;;;;770
200900056161;9;7;6;1315;1;2;1;1.0;3;373;PARIS (RUE DE- RN 4 );;;;770
200900056170;9;11;26;915;1;1;1;1.0;2;293;;M;0.0;0;740
200900056191;9;11;20;705;5;2;1;1.0;3;298;76, TANINGES (ROUTE DE );;;;740
200900056192;9;11;23;1730;5;1;8;8.0;1;256;;M;0.0;0;740
200900056198;9;7;7;920;1;2;1;1.0;2;51;65 A, COMMANDANT CHARCOT;;;;920
200900056222;9;12;1;1245;1;2;7;1.0;3;33;Rue gaston bachelard;M;4.0;0;100
200900056267;9;11;6;1805;2;2;1;1.0;6;261;HALLES (PLACE DES);;;;370
200900056277;9;11;13;1640;1;2;2;1.0;3;261;21, COLOMBIER (RUE);;;;370
200900056283;9;11;30;809;2;1;1;1.0;6;233;DUCLOS (AVENUE JACQUES);;;;370
200900056314;9;10;7;1545;1;2;1;1.0;3;24;80, JEAN JAURES (BD) DE;;;;920
200900056319;9;10;14;1405;1;2;1;1.0;3;19;9, VARLIN EUGENE (RUE);;;;920
200900056326;9;10;16;1620;1;2;1;1.0;2;49;5, BARBES RUE;;;;920
200900056327;9;10;19;820;1;2;2;1.0;6;26;03, KILFORD;;;;920
200900056333;9;10;16;2135;5;2;3;1.0;3;46;GABRIEL PERI;;;;920
200900056342;9;10;24;1325;1;2;1;1.0;6;32;54, BOUCICAUT (RUE);;;;920
200900056346;9;10;25;1605;1;2;3;1.0;1;36;0, BOURNAIRE (RUE DU) (1;;;;920
200900056380;9;10;30;1240;1;2;2;1.0;3;36;0, GRESILLONS (AVENUE DE;;;;920
200900056381;9;10;16;1235;1;2;3;1.0;6;48;., GENERAL DE GAULLE (AV;;;;920
200900056383;9;10;16;1400;1;2;1;1.0;6;49;39, BARBES RUE;;;;920
200900056471;9;10;27;1300;1;2;1;1.0;3;9;3, GERALDY ( RUE );;;;920
200900056478;9;10;12;1230;1;2;9;1.0;6;4;11, AULAGNIER ( QUAI );;;;920
200900056480;9;10;21;1952;5;2;2;2.0;3;4;178, VOLTAIRE ( BD 16 A;;;;920
200900056514;9;10;1;1720;1;2;1;1.0;3;33;1, SURESNES;;;;920
200900056518;9;10;4;1400;1;2;1;1.0;6;26;SAINT-DENIS BD (120 A 17;;;;920
200900056527;9;10;2;1750;1;2;1;1.0;2;26;25, PAUL DOUMER;;;;920
200900056528;9;10;5;1920;2;2;9;1.0;3;36;0, VICTOR HUGO (RUE) (1);;;;920
200900056536;9;10;13;800;2;2;2;1.0;3;76;1, VICTOR DURET;;;;920
200900056542;9;10;14;1825;1;2;2;1.0;3;25;PAUL BERT (RUE);;;;920
200900056562;9;10;6;1155;1;2;1;1.0;3;20;35, PARIS AVENUE DE Nï¾° I;;;;920
200900056564;9;10;8;1945;5;2;1;9.0;6;26;14, LEONARD DE VINCI;;;;920
200900056578;9;10;3;1020;1;2;9;1.0;3;63;Nï¿½ant, COLMAR (AVENUE DE;;;;920
200900056610;9;12;9;115;5;2;2;2.0;3;21;00, VANMARCKE (RUE);;;;800
200900056620;9;12;6;15;5;2;3;1.0;6;21;00, CHAUDRONNIERS (RUE D;;;;800
200900056625;9;12;7;710;5;2;3;1.0;3;21;418, CAGNY (RUE DE);;;;800
200900056628;9;12;4;800;2;2;3;1.0;3;21;152, SAINT HONORE (RUE);;;;800
200900056644;9;11;17;615;3;1;1;2.0;1;171;;M;0.0;0;440
200900056648;9;11;14;1630;1;2;1;6.0;5;154;Allee du Pre de Mindin;M;4.0;-;440
200900056656;9;11;2;1350;1;2;2;1.0;3;109;0, RUE FELIX FAURE;;;;440
200900056667;9;11;22;1000;1;2;6;8.0;3;109;ROND-POINT ABEL DURAND;;;;440
200900056690;9;11;30;830;1;2;2;1.0;3;184;MERMOZ (BOULEVARD JEAN);;;;440
200900056691;9;11;20;845;1;2;6;1.0;3;190;RUE DE LA CROIX BINE;;;;440
200900056699;9;11;20;900;1;2;2;1.0;6;143;RUE DU JAUNAIS;;;;440
200900056703;9;11;20;1020;1;2;2;1.0;3;109;., ROUTE DE SAINT JOSEPH;;;;440
200900056704;9;11;16;915;1;2;6;1.0;3;109;., ROND-POINT DE LA NOE;;;;440
200900056711;9;11;23;900;1;2;1;8.0;2;109;BOULEVARD DE CARDIFF;;;;440
200900056719;9;12;3;1050;1;2;6;1.0;2;109;00, PLACE VICTOR MANGIN;;;;440
200900056722;9;12;3;1820;4;2;3;1.0;3;109;., RUE PROFESSEUR EUGENE;;;;440
200900056744;9;12;3;1825;5;2;3;1.0;3;109;00, ROUTE DE SAINT JOSEP;;;;440
200900056759;9;12;27;1045;1;1;1;1.0;2;72;;M;0.0;0;440
200900056781;9;12;1;1530;1;2;6;1.0;3;204;RUE DE NANTES;M;0.0;0;440
200900056821;9;8;12;745;1;1;1;1.0;3;508;;M;4.0;0;770
200900056825;9;8;22;2000;1;1;1;1.0;2;158;;M;0.0;0;770
200900056835;9;8;28;1745;1;1;1;1.0;5;186;CROIX DE GUISE;;;;770
200900056848;9;8;28;1610;1;1;1;1.0;3;296;254, ROUGET DE L'ISLE (R;;;;770
200900056856;9;8;11;1910;1;2;1;1.0;3;373;MENDES FRANCE (SQUARE);;;;770
200900056877;9;8;8;1440;1;2;1;1.0;2;5;RN 8;;;;130
200900056959;9;8;29;929;1;2;6;1.0;6;28;ROND-POINT ROVARCH/SAINT;M;4.0;0;130
200900057019;9;8;19;2040;1;2;2;1.0;3;212;PHILIPPINES (ALLEE);;;;130
200900057218;9;9;30;1515;1;2;3;1.0;3;39;GARI (CHEMIN DU);;;;130
200900057251;9;9;10;1805;1;2;1;1.0;1;215;90, BOURRELY (CHEMIN DES;;;;130
200900057255;9;9;21;1245;1;2;3;1.0;1;211;82, BARASSE;;;;130
200900057292;9;9;3;1545;1;2;1;1.0;3;204;159, LIBERATION (BOULEVA;;;;130
200900057344;9;9;9;1650;1;2;1;1.0;6;55;34, BD DES PLATANES COLO;;;;130
200900057431;9;9;25;720;1;2;2;1.0;2;4;25, VERRERIE RUE DE LA;;;;130
200900057446;9;9;10;1940;1;2;2;1.0;3;4;0, CORMORANS RUE DES;;;;130
200900057448;9;9;9;1240;1;2;1;1.0;3;4;4, STALINGRAD AVENUE DE;;;;130
200900057472;9;9;17;1350;1;2;1;1.0;3;55;78, BARASSE;;;;130
200900057477;9;9;4;1900;1;2;1;1.0;2;55;40, MTE DE L' ORATOIRE;;;;130
200900057525;9;9;12;2250;5;2;1;1.0;1;102;875 BIS, FERRISSE  BLD R;;;;130
200900057545;9;11;24;1400;1;2;2;1.0;3;65;HENRI  IV (RUE);;;;810
200900057652;9;10;6;2000;5;2;1;1.0;1;106;*81 AVENUE DU 8 MAI 1945;M;4.0;0;130
200900057751;9;10;23;1730;1;2;1;1.0;3;212;61, BOUYALA D'ARNAUD (BO;;;;130
200900057795;9;10;15;1835;2;2;2;1.0;6;55;71, RUE DE LA REPUBLIQUE;;;;130
200900057850;9;10;26;1305;1;2;1;1.0;3;201;28, RIVE NEUVE (QUAI DE);;;;130
200900057942;9;10;2;1115;1;2;6;1.0;3;71;PLAN DE CAMPAGNE;;;;130
200900057965;9;11;26;1400;1;1;1;1.0;1;66;;M;4.0;0;130
200900058001;9;11;9;949;1;2;6;1.0;3;28;DULAC (AVENUE GUILLAUME);M;4.0;0;130
200900058007;9;11;20;1610;1;2;1;1.0;6;4;LICES BOULEVARD DES;;;;130
200900058152;9;11;24;1400;1;2;2;1.0;1;201;33, AIX (RUE D');;;;130
200900058172;9;11;12;1000;1;2;1;1.0;6;216;ANTOINE SARTORIO (ROND P;;;;130
200900058229;9;11;15;1445;1;2;1;1.0;3;213;3, ALPHONSE DAUDET (RUE);;;;130
200900058242;9;11;6;1750;1;2;6;1.0;3;1;PICASSO PABLO (AV);;;;130
200900058248;9;11;19;1330;1;2;1;1.0;3;47;., RADOLFZELL AVENUE DE;;;;130
200900058342;9;12;11;1225;1;2;1;1.0;2;208;441, MICHELET (BOULEVARD;;;;130
200900058427;9;12;27;910;1;2;1;1.0;2;55;167, RUE FRANCOIS MAURIA;;;;130
200900058471;9;12;5;1810;5;2;1;1.0;3;209;BARQUIERE (AVENUE DE LA);;;;130
200900058525;9;12;4;900;1;2;6;1.0;3;47;., FELIX GOUIN AVENUE;;;;130
200900058593;9;10;26;915;1;1;1;1.0;1;332;;M;4.0;0;340
200900058604;9;10;29;1430;1;2;1;1.0;3;298;RUE HENRI DUNAND;M;0.0;0;340
200900058653;9;10;1;950;1;1;1;1.0;2;3;MITTERRAND (K19 A O24;;;;340
200900058707;9;11;13;1715;5;2;3;8.0;3;172;VACHET (RUE JEAN);M;4.0;0;340
200900058721;9;11;12;740;1;2;1;1.0;6;32;PERRAULT CHARLES (RUE);M;4.0;0;340
200900058728;9;11;7;1450;1;2;1;1.0;7;32;FRANCE ANATOLE (RUE);M;4.0;0;340
200900058742;9;11;20;1300;1;2;1;1.0;6;38;Hameau de ST MARTIN;M;4.0;0;340
200900058766;9;12;25;1045;1;1;1;7.0;3;310;;M;4.0;0;340
200900058778;9;12;15;1515;1;1;1;1.0;6;174;;M;4.0;0;340
200900058825;9;12;26;30;5;2;1;1.0;3;301;aucun, CORMORANS (RUE DE;M;4.0;0;340
200900058882;9;8;5;1600;1;2;1;1.0;6;88;0, ANGLAIS (A PARTIR DU;;;;60
200900058922;9;8;14;1130;1;2;1;1.0;3;88;0, GRENOBLE (ROUTE DE);;;;60
200900058927;9;8;13;1530;1;2;3;1.0;3;88;0, FONCET (R.);;;;60
200900058928;9;8;9;1745;1;2;1;1.0;7;88;12, KARR (R. ALPHONSE);;;;60
200900058990;9;8;28;1230;1;2;1;1.0;7;69;x, ONZE NOVEMBRE (RUE DU;;;;60
200900058993;9;8;19;1705;1;2;1;1.0;3;69;x, GRAND CHENE (CHEMIN D;;;;60
200900058999;9;8;16;2030;1;2;1;1.0;7;69;X, ROND POINT STE MARTHE;;;;60
200900059029;9;8;31;1015;1;2;1;1.0;2;88;0, DESAMBROIS (AV.);;;;60
200900059033;9;8;22;1020;1;2;2;1.0;6;88;0, VERNIER (R.);;;;60
200900059040;9;8;21;1315;1;2;1;2.0;6;88;0, MONZIE (R. ANATOLE DE;;;;60
200900059041;9;8;19;1440;1;2;1;1.0;1;88;175, BELLET (RTE DE);;;;60
200900059044;9;8;22;1515;1;2;1;1.0;3;88;90, FRANCE (R. DE) A PAR;;;;60
200900059064;9;8;14;1220;1;2;1;1.0;6;29;16, ST PIERRE (QUAI);;;;60
200900059078;9;8;28;1215;1;2;1;1.0;2;123;BORD DE MER RN 98;;;;60
200900059079;9;8;8;1215;1;2;3;1.0;3;27;PLAGE BOULEVARD DE LA;;;;60
200900059108;9;4;27;1210;1;2;1;1.0;2;388;00, RUE GUILLAUME PARADI;;;;690
200900059110;9;4;30;1920;1;2;1;1.0;3;388;00, RUE GENTON;;;;690
200900059111;9;5;15;1515;1;2;1;2.0;3;388;BOULEVARD AMBROISE PARE;;;;690
200900059130;9;12;11;1220;1;2;2;1.0;6;85;56, GAMBETTA (BOULEVARD);;;;870
200900059180;9;11;18;1810;3;2;1;1.0;3;192;935,AV DU MARECHAL JUIN;;;;400
200900059207;9;11;9;1030;1;2;6;1.0;3;228;Rue Edouard Prigent;M;4.0;-;220
200900059209;9;11;27;1545;1;1;3;1.0;3;237;LA VILLE NEUVE;M;0.0;0;220
200900059260;9;6;29;1940;1;2;1;1.0;2;266;2, RUE DU 4 AOUT 1789;;;;690
200900059300;9;9;10;1515;1;2;1;1.0;2;386;24, COURS FRANKLIN ROOSE;;;;690
200900059309;9;9;21;1644;1;2;1;1.0;3;388;111, BOULEVARD DES ETATS;;;;690
200900059314;9;9;24;2010;5;2;1;1.0;3;382;0, PONT LAFAYETTE;;;;690
200900059320;9;8;2;1440;1;2;6;1.0;2;44;RP DU 19/3/62/AV DE GAUL;;;;360
200900059323;9;12;8;1900;5;2;1;2.0;1;162;., KERVAM (RUE DE);;;;560
200900059358;9;12;2;1745;5;2;1;8.0;3;101;39 RUE SAINT AUBIN;M;4.0;-;560
200900059361;9;12;18;1545;1;2;1;1.0;3;206;RUE DE LA FONTAINE;M;4.0;-;560
200900059381;9;8;22;1645;1;2;1;1.0;3;51;65, ROULE (AVENUE DU, Nï¾°;;;;920
200900059384;9;8;6;1802;1;2;1;1.0;6;266;113, COURS TOLSTOI;;;;690
200900059412;9;11;25;1255;1;2;1;2.0;2;44;110 AVENUE LEMOINE;M;4.0;0;360
200900059456;9;8;30;1950;1;1;3;1.0;3;275;., AVENUE JEAN JAURES;;;;690
200900059482;9;1;9;1905;5;2;3;1.0;3;178;RUE AUGUSTE RENOIR.;;;;760
200900059516;9;1;28;2200;5;2;1;1.0;6;540;1, RUE JEANNE D'ARC;;;;760
200900059548;9;12;5;1620;1;2;1;1.0;2;231;14, PREMIER CONSUL (DU);;;;210
200900059550;9;12;2;2024;5;2;2;1.0;1;231;PASCAL (BOULEVARD);;;;210
200900059551;9;12;8;1945;5;2;2;8.0;3;231;73, JEANNIN (RUE);;;;210
200900059593;9;9;19;1040;1;2;2;1.0;3;388;0, BOULEVARD DES ETATS U;;;;690
200900059599;9;9;27;215;5;2;2;1.0;3;382;33, RUE DE LA BOURSE;;;;690
200900059602;9;9;27;1920;2;2;2;1.0;3;199;0, RUE CHARLES PLASSE;;;;690
200900059615;9;5;29;1910;1;2;3;1.0;3;279;12, GUILLEMAIN (RUE ANDR;;;;180
200900059666;9;10;30;1040;1;2;6;1.0;3;454;RUE DE COURCELLES;M;4.0;0;510
200900059751;9;9;28;1645;1;2;3;1.0;3;379;5, ANATOLE FRANCE (RUE);;;;770
200900059758;9;9;10;1850;1;2;2;1.0;3;108;38, SCIENCES (AVENUE DES;;;;770
200900059770;9;9;3;620;5;2;2;1.0;1;350;1, HOCHE (AVENUE);;;;770
200900059774;9;9;30;215;5;2;1;1.0;6;14;70, BERNARD PALISSY (RUE;;;;770
200900059775;9;9;23;1945;5;2;1;1.0;6;350;108, GENERAL DE GAULLE (;;;;770
200900059806;9;10;1;1645;1;1;1;1.0;2;406;;M;0.0;0;770
200900059810;9;10;3;2100;3;1;4;1.0;1;107;;M;0.0;0;770
200900059817;9;10;17;1645;1;2;1;2.0;1;219;RUE DE GRAVIN;M;0.0;0;770
200900059825;9;10;22;1630;1;2;2;1.0;1;142;CD934;M;0.0;0;770
200900059887;9;10;19;740;2;2;1;1.0;6;514;13, RUZE (RUE DE);;;;770
200900059894;9;10;6;635;1;2;1;1.0;6;121;MELUN (RUE DE);;;;770
200900059954;9;11;30;700;2;2;7;2.0;3;305;LEPESME (PLACE);;;;770
200900059965;9;11;13;1520;1;2;1;1.0;3;249;1, RESIDENCE DU PARC;;;;770
200900060008;9;12;28;1630;1;1;1;1.0;2;118;DEPARTEMENTAL 34 (ROUTE);;;;770
200900060010;9;12;17;630;5;2;3;4.0;3;390;0, MALIBRAN (AVENUE DE L;;;;770
200900060011;9;5;1;1700;1;2;2;1.0;1;29;R G JOUILLERAT/BLOSSIER;M;4.0;0;780
200900060012;9;5;9;1130;1;1;1;1.0;3;615;RTE DE THIVERVAL;M;4.0;0;780
200900060014;9;5;25;1715;1;2;3;1.0;3;172;R DHERET/LETENANFLE;M;4.0;0;780
200900060045;9;12;7;1700;2;2;1;1.0;3;261;JAURES (PLACE JEAN);;;;370
200900060061;9;12;21;1548;1;2;1;1.0;6;261;HOSPITALITE (RUE DE L');;;;370
200900060067;9;12;11;1357;1;2;1;1.0;6;261;SAINT PAUL (PLACE);;;;370
200900060069;9;12;9;600;5;2;3;2.0;3;122;VAUX (ROUTE DES);;;;370
200900060073;9;12;16;1520;1;2;2;1.0;6;261;RICHER (RUE FRANCOIS);;;;370
200900060091;9;12;15;945;1;2;1;8.0;1;113;BEG LEGUER (ROUTE DE);;;;220
200900060101;9;12;17;1645;1;2;6;8.0;2;93;rue de penthiï¿½vre;M;4.0;-;220
200900060113;9;12;3;1115;1;2;1;2.0;2;261;rue de la mairie;M;0.0;0;220
200900060124;9;12;25;1615;1;2;3;7.0;3;47;Parc Orel;M;0.0;0;220
200900060182;9;10;13;1550;1;2;1;1.0;6;386;103, RUE VENDOME;;;;690
200900060186;9;10;14;1340;1;2;2;1.0;6;383;69, COURS GAMBETTA;;;;690
200900060188;9;10;14;1800;1;2;3;1.0;2;149;GRANDE RUE;;;;690
200900060324;9;10;13;1330;1;2;1;1.0;6;282;10, AVENUE DU CARREAU;;;;690
200900060336;9;10;15;1810;2;2;1;1.0;3;266;2, AVENUE DES ARTS;;;;690
200900060340;9;10;26;1620;1;2;2;1.0;3;266;RUE DU 4 AOUT 1789;;;;690
200900060348;9;10;10;255;5;2;1;2.0;2;381;0, MORAND;;;;690
200900060360;9;10;29;2140;5;2;1;1.0;1;381;12, RUE BURDEAU;;;;690
200900060361;9;10;2;800;1;2;1;1.0;2;266;3, COURS DE LA REPUBLIQU;;;;690
200900060370;9;10;15;1020;1;2;2;1.0;3;388;RUE SAINT ROMAIN;;;;690
200900060371;9;10;21;1045;1;2;3;8.0;3;387;AVENUE JEAN JAURES;;;;690
200900060373;9;10;4;50;5;2;1;1.0;3;387;PONT DE L UNIVERSITE;;;;690
200900060383;9;10;3;1620;1;2;1;1.0;3;279;37, HUIT MAI 1945 (RUE D;;;;180
200900060390;9;9;5;1302;1;2;3;1.0;3;224;ROOSEVELT (BOULEVARD DU;;;;680
200900060400;9;9;4;935;1;2;3;1.0;1;112;25, GENERAL DE GAULLE (R;;;;680
200900060401;9;9;3;604;5;2;2;1.0;6;66;46, REPUBLIQUE (AVENUE D;;;;680
200900060402;9;9;30;1521;1;2;1;1.0;3;66;143, INGERSHEIM (Rte D;;;;680
200900060404;9;9;1;1026;1;2;2;1.0;3;66;CD4;;;;680
200900060406;9;9;4;810;1;2;1;1.0;2;66;8, AMSTERDAM ( RUE D');;;;680
200900060409;9;9;9;750;1;2;2;1.0;3;66;9, SCHUMANN (RUE);;;;680
200900060421;9;9;5;1515;1;2;2;1.0;6;241;carrefour rd18bis et rd;M;4.0;0;680
200900060443;9;10;27;1600;1;2;4;7.0;3;135;Rue de Folgensbourg;M;0.0;0;680