Num_Acc;an;mois;jour;hrmn;lum;agg;int;atm;col;com;adr;gps;lat;long;dep
200900060461;9;10;29;830;1;2;1;7.0;3;233;Rue Joseph VOGT;M;4.0;0;680
200900060476;9;10;10;1430;1;2;1;1.0;3;112;63, DECK, Thï¿½odore (rue);;;;680
200900060490;9;10;2;1145;1;2;3;1.0;6;224;41, ALTKIRCH (AVENUE D');;;;680
200900060498;9;10;9;1513;1;2;2;1.0;3;66;INGERSHEIM (ROUTE D');;;;680
200900060499;9;10;9;1725;1;2;2;1.0;3;224;23, LANGUEDOC (RUE DU);;;;680
200900060500;9;10;10;938;1;2;3;1.0;3;224;45, LOUISE (RUE);;;;680
200900060511;9;12;2;700;2;2;1;1.0;2;209;16, PAIX (AVENUE DE LA );M;4.0;0;280
200900060559;9;12;9;1730;2;1;1;1.0;1;254;;M;4.0;0;300
200900060567;9;12;12;1145;1;1;1;6.0;6;295;;M;4.0;0;300
200900060580;9;12;1;830;1;2;1;1.0;3;7;., SAND (IMPASE GEORGE);;;;300
200900060622;9;12;8;1210;1;2;1;1.0;3;7;., CYPRES (MONTEE DES);;;;300
200900060636;9;12;29;1115;1;2;1;1.0;3;243;., CAMPELLO (AVENUE DE);;;;300
200900060639;9;8;5;1110;1;2;1;1.0;6;269;;;;;690
200900060668;9;11;27;1815;5;1;1;1.0;6;68;;M;4.0;0;680
200900060718;9;12;27;355;5;1;6;1.0;3;10;., LYCEE (BOULEVARD DU)(;;;;740
200900060730;9;12;2;1245;1;2;3;1.0;3;224;TOUR DU DIABLE (RUE DE L;;;;680
200900060731;9;12;2;1501;1;2;4;1.0;3;66;12, INGERSHEIM (ROUTE D';;;;680
200900060749;9;12;21;855;1;2;2;1.0;3;66;27, REPUBLIQUE (AVENUE D;;;;680
200900060751;9;12;22;1037;1;2;2;3.0;3;224;JUIN (AVENUE ALPHONSE);;;;680
200900060757;9;9;29;1730;1;2;9;1.0;7;141;rue Hartford / Waldwisse;;;;690
200900060758;9;8;7;1847;1;2;1;1.0;2;617;106, ROUTE NATIONALE (CD;;;;620
200900060760;9;8;10;1925;1;2;1;1.0;6;427;0, FALLIERES (BD);;;;620
200900060773;9;8;23;1715;1;1;6;1.0;1;560;;M;5.0;0;620
200900060787;9;8;17;2115;1;2;1;1.0;1;183;22 rue Riquefosse;M;0.0;0;620
200900060798;9;8;4;745;1;1;9;1.0;2;861;;M;5.0;0;620
200900060822;9;8;30;1515;1;2;1;1.0;6;842;sans, ZONE COMMERCIALE C;;;;620
200900060826;9;8;27;905;1;2;1;1.0;3;215;109, QUINET (R CYPRIEN);;;;620
200900060851;9;8;5;910;1;1;6;1.0;2;765;D 213 (ROUTE DE WATTEN);;;;620
200900060862;9;7;16;1815;1;2;1;1.0;1;14;rue principale;M;0.0;0;620
200900060871;9;7;16;1830;1;1;1;1.0;2;332;;M;5.0;0;620
200900060873;9;7;24;1130;1;2;1;1.0;1;54;126 rue de Sodit;M;5.0;0;620
200900060874;9;7;19;1000;1;2;1;8.0;1;273;rue de Guindat;M;0.0;0;620
200900060884;9;7;12;1235;1;2;1;1.0;6;771;62, VAILLANT (R EDOUARD);;;;620
200900060887;9;7;8;1100;1;2;2;1.0;3;33;sans, ROLLE (R KLEBER);;;;620
200900060890;9;7;1;1615;1;2;1;1.0;3;907;sans, DARCHICOURT (AV FE;;;;620
200900060907;9;7;23;1630;1;2;2;1.0;3;215;PASTEUR (R LOUIS);;;;620
200900060920;9;7;9;1145;1;2;2;1.0;3;510;., MALHERBE (R);;;;620
200900060927;9;7;20;920;1;2;1;1.0;7;826;164, LONDRES (RUE DE);;;;620
200900060930;9;7;23;20;5;2;1;1.0;1;139;SAND (RUE GEORGES......);;;;620
200900060945;9;9;26;1640;1;2;2;1.0;3;826;GOLF (AVENUE DU);;;;620
200900060949;9;9;8;1220;1;2;3;1.0;3;178;MONTATAIRE;;;;620
200900060954;9;9;17;1320;1;2;1;1.0;6;498;25, VARSOVIE (AV. DE);;;;620
200900060956;9;9;6;1150;1;2;2;1.0;3;573;SANS, RD165;;;;620
200900061009;9;9;27;930;1;2;1;1.0;7;724;, DE GAULLE (DU GENERAL);;;;620
200900061014;9;9;19;1105;1;2;2;1.0;5;224;10, GALTERIES (RUE DES);;;;620
200900061034;9;11;18;1730;2;2;1;8.0;3;58;carrefour HENT KERZON;M;0.0;0;290
200900061044;9;11;8;1820;5;2;1;1.0;6;51;., ROUILLEN;;;;290
200900061078;9;12;29;1500;1;1;1;2.0;2;54;;M;0.0;0;290
200900061103;9;12;1;1230;1;2;6;1.0;3;260;Rdpt des anciens combatt;M;4.0;-;290
200900061104;9;12;6;1145;1;1;1;1.0;1;113;;M;4.0;-;290
200900061163;9;2;18;825;2;2;1;1.0;3;575;1, LEGER. RUE FERNAND;;;;760
200900061202;9;11;18;1630;1;2;1;1.0;1;43;Route de Sorgue;M;0.0;0;840
200900061205;9;11;1;1630;1;1;1;1.0;1;131;;M;0.0;0;840
200900061210;9;11;7;1845;3;2;1;1.0;6;7;17, MONOD (Boulevard J.);;;;840
200900061252;9;12;1;1200;1;2;1;1.0;6;113;., CARNOT (AVENUE);;;;630
200900061301;9;5;7;945;1;1;3;1.0;3;164;;M;4.0;-;140
200900061307;9;5;13;1510;1;2;3;1.0;3;118;14, GUILLOU (BOULEVARD Y;M;4.0;-;140
200900061315;9;5;20;1515;1;2;1;1.0;1;685;RUE DU BIGARD;M;4.0;-;140
200900061330;9;5;29;1850;1;1;3;1.0;3;570;;M;4.0;0;140
200900061332;9;5;30;1726;1;2;1;1.0;2;409;;M;4.0;-;140
200900061341;9;7;30;1640;1;2;1;8.0;3;235;9160;;;;90
200900061343;9;11;23;1015;1;2;1;1.0;2;248;SPV, RUE DU FOSSE;M;0.0;0;670
200900061359;9;11;21;620;5;2;2;1.0;3;482;SPV, BOULEVARD LEBLOIS;M;0.0;0;670
200900061375;9;11;25;2320;5;2;2;1.0;6;267;SPV, RUE DE LORRAINE;M;0.0;0;670
200900061379;9;11;20;1230;1;2;2;1.0;2;447;SPV,  AV.P.MENDES FRANCE;M;0.0;0;670
200900061413;9;11;12;1855;5;2;1;1.0;3;447;SPV, RUE D'ERSTEIN;M;0.0;0;670
200900061415;9;11;14;1355;1;2;2;2.0;3;365;SPV,R.DU GENERAL LECLERC;M;0.0;0;670
200900061416;9;11;5;900;1;2;2;1.0;3;482;SPV, RUE JACQUES KABLE;M;0.0;0;670
200900061421;9;11;11;1715;2;2;2;1.0;3;482;SPV, RUE RENAISSANCE;M;0.0;0;670
200900061430;9;12;29;815;2;2;3;2.0;1;810;RUE ALEXANDRE DUMAS;M;0.0;0;20
200900061439;9;12;16;1330;1;1;1;1.0;1;613;;M;0.0;0;20
200900061492;9;11;19;1515;1;2;4;1.0;3;47;Laborie;M;4.0;-;90
200900061544;9;3;12;1045;1;2;3;1.0;3;351;nï¿½ant, AUGUSTE BLANQUI;;;;760
200900061547;9;3;3;2115;5;2;1;1.0;2;351;3, MARCEAU (RUE);;;;760
200900061560;9;3;21;1230;1;2;1;1.0;6;447;PIERRE MENDES FRANCE;;;;760
200900061585;9;3;23;1840;2;2;2;1.0;3;681;1, BRUYERES SAINT JULIEN;;;;760
200900061636;9;11;14;1415;1;2;6;1.0;3;61;EYSSAGNIERES ( Neffes);;;;50
200900061642;9;5;28;835;1;2;3;1.0;3;481;AV TASSIGNY/R ST GERMAIN;M;4.0;0;780
200900061652;9;4;1;2130;5;2;1;1.0;7;341;22, REPUBLIQUE;;;;760
200900061661;9;4;8;1830;1;2;1;8.0;3;351;31, DENFERT ROCHEREAU (R;;;;760
200900061663;9;4;1;1220;1;2;4;1.0;3;705;10, CASANOVA. RUE DANIEL;;;;760
200900061666;9;4;18;1515;1;2;9;2.0;3;259;ROUTE DE VALMONT;;;;760
200900061668;9;4;24;800;1;2;1;1.0;1;568;;M;0.0;0;760
200900061670;9;4;16;1730;1;1;1;1.0;3;291;;M;4.0;0;760
200900061713;9;4;15;1320;1;2;2;1.0;3;217;1, BLAINVILLE (DE);;;;760
200900061724;9;4;5;1625;1;2;2;1.0;3;575;1, CUVERVILLE. RUE DU LI;;;;760
200900061728;9;4;28;1410;1;2;1;1.0;6;575;1, SAINT YON. AVENUE DE;;;;760
200900061744;9;4;23;1350;1;1;3;1.0;2;157;BLDCLAUDE MONET;;;;760
200900061755;9;6;3;1840;1;2;2;1.0;3;197;RUE BAC DU PORT/C COUTUR;M;4.0;-;140
200900061758;9;6;13;1010;1;2;6;1.0;3;117;AV.GUILLAUMELECONQUï¿½RANT;M;4.0;-;140
200900061770;9;6;29;2010;1;1;4;7.0;1;523;LA FRESNAYE;M;4.0;-;140
200900061780;9;5;30;1025;1;2;3;1.0;6;481;RUE D'ECQUEVILLE;;;;760
200900061789;9;5;6;1445;1;2;1;1.0;3;351;69, GUSTAVE BRINDEAU (RU;;;;760
200900061791;9;5;7;1520;1;2;2;1.0;7;351;1 RUE DE VERDUN;;;;760
200900061870;9;6;30;1305;1;1;3;1.0;3;69;0, VAL-MENARD (CHEMIN DU;M;4.0;0;140
200900061910;9;6;30;1730;1;2;1;1.0;5;101;ROUTE DU TREPORT CD 49;M;4.0;0;760
200900061936;9;6;4;1211;1;2;9;1.0;3;217;STALINGRAD (DE);;;;760
200900061941;9;6;4;1700;1;1;1;1.0;3;429;1, ROUTE DE DARNETAL.;;;;760
200900061954;9;6;5;1530;1;2;1;1.0;2;103;1, REPUBLIQUE. RUE DE LA;;;;760
200900061956;9;6;19;1800;1;2;1;1.0;3;540;1, MARTYRS DE LA RESISTA;;;;760
200900061966;9;6;12;1800;1;2;1;1.0;3;410;1, DANET. RUE ERNEST;;;;760
200900061977;9;6;3;905;1;2;1;1.0;7;540;11, ALSACE LORRAINE. RUE;;;;760
200900061984;9;6;15;2120;1;2;1;1.0;6;498;face  116, JAURES. AVENU;;;;760
200900062030;9;12;8;2015;5;2;6;3.0;3;33;JAURES (AVENUE JEAN);;;;180
200900062061;9;7;6;1830;1;2;1;1.0;1;624;RUE DU 8 MAI 1945;M;0.0;0;760
200900062080;9;7;2;1400;1;1;1;1.0;2;302;;M;0.0;0;760
200900062143;9;7;29;1520;1;2;1;1.0;1;157;1, rue olympe de gouges;;;;760
200900062154;9;7;29;1350;1;2;3;1.0;3;351;4, COLONEL FABIEN;;;;760
200900062156;9;10;5;1945;5;2;2;1.0;6;350;001, LEBAS JEAN BAPTISTE;;;;590
200900062171;9;11;13;1335;1;2;7;1.0;3;440;., PORTAIL D'AVANT (RUE);;;;650
200900062178;9;9;24;1920;1;2;6;1.0;2;264;1, ROND POINT DES CHANTI;;;;690
200900062187;9;9;30;1850;1;2;1;1.0;6;266;1, PONT DE CUSSET;;;;690
200900062193;9;7;16;1710;1;2;1;1.0;6;218;38, ONZE NOVEMBRE A PART;M;4.0;0;420
200900062232;9;4;11;1045;1;1;2;1.0;3;512;DE GAULLE (BOULEVARD DU;;;;590
200900062241;9;7;17;1715;1;2;1;1.0;1;616;DERAMEZ (RUE MARCEL );;;;590
200900062258;9;9;1;2100;5;2;1;1.0;6;350;CHASSEURS DE DRIANT PLAC;;;;590
200900062271;9;9;10;2100;5;2;1;1.0;3;350;28, ABELARD RUE;;;;590
200900062280;9;9;16;1745;1;1;1;8.0;3;512;CURIE (RUE PIERRE ET MAR;;;;590
200900062282;9;9;17;1245;1;1;1;1.0;3;512;AVELGHEM (RUE D');;;;590
200900062309;9;11;6;1250;1;2;3;1.0;6;178;MONTHERME (RUE DE);;;;590
200900062330;9;11;25;1425;1;2;1;1.0;6;526;1, ONZE NOVEMBRE (RUE DU;;;;540
200900062340;9;11;30;605;1;2;1;1.0;2;395;216, STRASBOURG (AVENUE;;;;540
200900062354;9;11;22;1620;1;2;1;1.0;2;395;57, FOCH (AVENUE 18 ET 9;;;;540
200900062355;9;11;27;2125;5;2;1;2.0;6;395;1, LECLERC (AV DU GENERA;;;;540
200900062365;9;11;5;1000;1;2;3;2.0;3;395;1, TIERCELINS (RUE DES);;;;540
200900062375;9;1;10;1235;1;2;1;1.0;3;35;41, National ( boulevard;;;;920
200900062376;9;1;12;1030;1;2;6;1.0;3;35;Europe ( rond point de l;;;;920
200900062382;9;1;21;1220;1;2;1;1.0;3;555;8, AV DES MINIMES;;;;310
200900062405;9;4;3;905;1;2;2;1.0;3;35;41, Joffre ( avenue );;;;920
200900062413;9;4;14;1415;1;2;3;1.0;6;35;face n66, Gï¿½nï¿½ral de Gau;;;;920
200900062423;9;5;1;1735;1;2;1;1.0;6;12;10 bis, JEAN JAURES (BOU;;;;920
200900062442;9;6;5;1904;1;2;1;1.0;6;12;74, SILLY (RUE DE) 1/87;;;;920
200900062449;9;6;16;730;1;2;1;1.0;3;51;213, BINEAU (BOULEVARD,;;;;920
200900062466;9;6;24;1805;1;2;1;1.0;3;35;face n77, Rï¿½publique ( b;;;;920
200900062477;9;7;8;1840;1;2;1;1.0;6;12;22, YVES KERMEN (RUE) 3/;;;;920
200900062481;9;7;15;1535;1;2;2;1.0;2;12;SILLY (RUE DE) 1/87 - 2/;;;;920
200900062512;9;9;3;1805;1;2;1;1.0;3;51;45, INKERMANN (BOULEVARD;;;;920
200900062517;9;9;9;1955;2;2;2;1.0;3;12;SILLY (RUE DE) 1/87 - 2/;;;;920
200900062520;9;9;14;1130;1;2;1;1.0;3;12;REINE (ROUTE DE LA) 82/F;;;;920
200900062526;9;9;20;1110;1;2;6;1.0;3;7;SCHWEITZER (ROND POINT D;;;;920
200900062535;9;9;27;1110;1;2;1;1.0;3;51;PAULINE BORGHESE (RUE);;;;920
200900062542;9;10;1;100;5;2;1;1.0;3;51;GENERAL LECLERC (BOULEVA;;;;920
200900062552;9;10;7;1700;1;2;9;9.0;3;12;126, GENERAL LECLERC (AV;;;;920
200900062573;9;10;28;1655;2;2;1;1.0;6;12;127, JEAN JAURES (BOULEV;;;;920
200900062587;9;12;4;845;3;2;1;1.0;2;127;ROUTE DE BRANSLES;M;0.0;0;450
200900062659;9;7;2;940;1;2;3;7.0;3;490;R EBISOIRES/R GUY RIERA;M;4.0;0;780
200900062660;9;7;2;1125;1;2;6;1.0;3;490;BD LEON BLUM;M;4.0;0;780
200900062675;9;7;29;2130;1;2;1;1.0;3;643;26 ALLEE DES PETUNIAS;M;4.0;0;780
200900062682;9;7;14;1655;1;2;1;1.0;6;646;9 BD DE LA REINE;M;4.0;0;780
200900062764;9;8;30;1900;1;2;1;1.0;3;310;20 R ST MATHIEU;M;4.0;0;780
200900062768;9;8;23;1000;1;2;6;1.0;3;117;AV JEAN CASALE;M;4.0;0;780
200900062778;9;8;6;1724;1;2;1;1.0;6;165;11 CHE DE BRETECHELLE;M;4.0;0;780
200900062785;9;8;21;2030;2;2;3;1.0;3;123;BD PELLETIER/R DU STADE;M;4.0;0;780
200900062790;9;8;27;1635;1;2;1;1.0;3;361;31 QU DE VAUCOULEURS;M;4.0;0;780
200900062800;9;8;31;1800;1;1;4;1.0;2;5;RN 184/D31;M;4.0;0;780
200900062824;9;9;2;1635;1;2;1;1.0;3;646;12 R ECOLE DES POSTES;M;4.0;0;780
200900062829;9;9;16;1550;1;2;1;1.0;6;646;R VAUBAN;M;4.0;0;780
200900062881;9;9;8;845;1;2;1;1.0;2;172;154 AV CARNOT;M;4.0;0;780
200900062894;9;10;25;1150;1;2;3;1.0;6;686;R DE JOUY/A PERDREAUX;M;4.0;0;780
200900062905;9;10;23;1040;1;2;3;1.0;3;517;R DE LA LOUVIERE;M;4.0;0;780
200900062907;9;10;23;1645;1;2;1;1.0;3;118;35 CHE DES MEUNIERS;M;4.0;0;780
200900062910;9;10;11;1405;1;2;2;1.0;1;586;R DE LA BERTILLE/BARIAN;M;4.0;0;780
200900062955;9;10;27;640;2;2;4;1.0;3;621;D 912/R P VERLAINE;M;4.0;0;780
200900062957;9;10;29;1940;3;2;2;1.0;3;621;RD 912/R M BARRE;M;4.0;0;780
200900062968;9;10;13;1840;1;2;1;1.0;3;498;BD ROBESPIERRE;M;4.0;0;780
200900062992;9;11;26;1330;1;1;6;7.0;2;674;RD 97/RD 98;M;4.0;0;780
200900063002;9;11;18;1550;1;2;1;1.0;3;490;CROIX BLANCHE (CHEMIN DE;;;;780
200900063012;9;11;30;1320;1;2;1;1.0;3;490;GARE (RUE DE LA);;;;780
200900063056;9;11;28;1535;1;2;3;2.0;1;621;COPERNIC (RUE NICOLAS);;;;780
200900063068;9;11;26;1615;1;2;1;1.0;7;5;10, VAILLANT COUTURIER (;;;;780
200900063174;9;5;29;1420;1;2;1;1.0;3;12;53, REINE (ROUTE DE LA);;;;920
200900063177;9;6;14;925;1;2;1;1.0;3;358;23 AV DE LONGUEIL;M;4.0;0;780
200900063183;9;12;26;1200;1;2;3;7.0;3;358;LOUVOIS (AVENUE DE);;;;780
200900063208;9;11;24;2030;5;2;2;1.0;3;49;39, MOLIERE RUE AUTRES N;;;;920
200900063228;9;11;20;1240;1;2;1;1.0;1;40;08, REPUBLIQUE (AVENUE D;;;;920
200900063257;9;11;30;1630;1;2;1;1.0;3;22;484, SALENGRO (AVENUE RO;;;;920
200900063265;9;11;22;1200;1;2;6;8.0;2;2;RABELAIS (AVENUE);;;;920
200900063272;9;11;6;940;1;2;2;1.0;3;2;RAYMON ARON (AVENUE);;;;920
200900063315;9;11;23;1750;5;2;1;2.0;2;50;41, LENINE VLADIMIR ILIT;;;;920
200900063405;9;11;10;1645;1;2;1;9.0;6;12;235, JEAN JAURES (BOULEV;;;;920
200900063449;9;12;10;1735;5;2;1;1.0;3;49;65, MARNE AVENUE DE LA;;;;920
200900063456;9;12;9;2110;5;2;1;1.0;2;62;34/35, DE DION BOUTON (Q;;;;920
200900063467;9;12;11;1930;5;2;3;1.0;6;46;DE STALINGRAD;;;;920
200900063483;9;12;14;1617;1;2;5;1.0;6;14;137, GENERAL LECLERC (AV;;;;920
200900063534;9;12;15;730;2;2;1;1.0;6;48;07, LARRIS (RUE DES);;;;920
200900063567;9;12;23;1205;1;2;3;1.0;6;4;70, BOURGUIGNONS (RUE 2;;;;920
200900063574;9;12;22;1720;5;2;3;1.0;3;63;Nï¿½ant, HERVET (RUE);;;;920
200900063582;9;12;8;1015;1;2;1;1.0;3;51;2, VITAL-BOUHOT (BOULEVA;;;;920
200900063583;9;12;4;1500;1;2;1;1.0;2;51;3, CHATEAU (RUE DU);;;;920
200900063638;9;8;19;950;1;2;1;1.0;3;51;DUC D'ORLEANS (PLACE DU);;;;920
200900063668;9;11;25;823;2;2;2;3.0;3;108;IMPERATRICE;;;;620
200900063691;9;11;1;1040;1;2;6;3.0;3;108;0, ROND POINT DU MARQUEN;;;;620
200900063708;9;11;12;1710;1;2;3;8.0;6;525;BRUYERES (RTE DES...Nï¾°2;;;;620
200900063710;9;11;10;1745;5;2;3;2.0;1;765;SAINT MARTIN (RUE......);;;;620
200900063715;9;11;19;815;2;2;1;1.0;7;178;9, MONTEE ( DE LA );;;;620
200900063716;9;11;12;1440;1;2;4;1.0;3;525;GUYNEMER (AVE GEORGES...;;;;620
200900063762;9;12;14;1000;1;2;1;7.0;1;261;avenue d'etaples;M;5.0;0;620
200900063768;9;12;23;1340;1;2;1;8.0;3;215;sans, LENS (RTE DE);;;;620
200900063774;9;12;16;730;2;2;1;9.0;3;510;., CD58;;;;620
200900063790;9;10;15;1700;1;2;6;1.0;1;549;CD349 et CD 928;M;5.0;0;620
200900063793;9;10;6;1845;1;2;1;8.0;3;60;route d'abbeville;M;0.0;0;620
200900063797;9;10;22;1615;1;1;4;1.0;1;338;;M;0.0;0;620
200900063816;9;10;22;1530;1;2;2;1.0;6;193;JACQUARD (BOULEVARD);;;;620
200900063817;9;10;16;1830;1;2;2;1.0;3;119;KITCHENER ( BOULEVARD );;;;620
200900063833;9;10;12;2245;5;2;1;1.0;6;34;2 bis, BLUM ( RUE LEON );;;;620
200900063834;9;10;18;1900;1;2;1;1.0;7;32;., SOUCHEZ (RTE DE);;;;620
200900063838;9;10;27;1755;1;1;2;1.0;5;516;C.D 916;;;;620
200900063847;9;10;2;1255;1;2;2;1.0;3;193;EGALITE (BOULEVARD DE L';;;;620
200900063849;9;10;5;1200;1;2;3;1.0;3;498;123, BLUM (R LEON);;;;620
200900063850;9;10;7;1930;2;2;1;2.0;1;351;0, CASANOVA (R DANIELE);;;;620
200900063862;9;10;2;1730;1;2;1;1.0;6;570;119, DESMOULIN (CAMILLE);;;;620
200900063919;9;6;3;1900;1;2;1;1.0;3;63;79 R DES ORMES;M;4.0;0;930
200900063951;9;11;9;1130;1;2;1;1.0;3;366;90, GENERAL LECLERC (RUE;;;;140
200900063954;9;7;23;1045;1;1;1;8.0;1;120;;M;4.0;0;420
200900063969;9;11;18;1745;3;1;1;1.0;2;198;;M;0.0;0;110
200900064018;9;12;2;1415;1;2;2;1.0;3;76;0, CAVES (RUE DES);;;;110
200900064024;9;7;27;1339;1;2;3;1.0;3;218;ROSTAND JEAN;M;4.0;0;420
200900064029;9;7;25;1800;1;2;4;1.0;3;187;CHARLIEU (RUE DE );;;;420
200900064031;9;7;16;650;1;2;6;1.0;3;184;FOCH MARECHAL (RUE);;;;420
200900064036;9;7;1;1800;1;2;1;1.0;2;187;20, PROMENADES POPULLE(P;;;;420
200900064056;9;7;29;1030;1;1;1;1.0;3;294;;M;4.0;0;420
200900064057;9;7;15;1345;1;2;1;1.0;3;58;Le Bourg;M;4.0;0;420
200900064088;9;8;8;915;1;2;1;8.0;1;218;sans, NELTNER LOUIS (BOU;M;4.0;0;420
200900064089;9;8;3;1200;1;2;1;1.0;2;218;SANS, POMPIDOU GEORGES (;M;4.0;0;420
200900064093;9;8;25;1930;1;2;3;3.0;3;218;140 B, MONTAT (DE LA) A;;;;420
200900064098;9;8;26;1802;1;2;3;2.0;1;218;GUICHARD PAUL ET PIERRE;;;;420
200900064101;9;8;31;1310;1;1;1;1.0;3;237;LA MAISON ROUGE;;;;420
200900064112;9;8;11;1730;1;2;1;1.0;2;187;20, PROMENADES POPULLE (;;;;420
200900064117;9;8;10;1105;1;2;1;1.0;3;207;9, HALLE PLACE DE LA;;;;420
200900064132;9;8;30;1800;1;2;4;1.0;3;147;1, THERMALE (AVENUE);M;4.0;0;420
200900064152;9;11;7;1220;1;2;1;1.0;1;362;57, PASCAL RUE BLAISE;M;4.0;0;260
200900064162;9;11;1;1200;1;2;6;1.0;1;227;Route de Duerne;M;0.0;0;690
200900064180;9;11;18;915;1;2;6;1.0;3;94;CD 489 le Tupinier;M;4.0;0;690
200900064196;9;11;19;1830;5;2;1;1.0;3;149;22, GRANDE RUE;;;;690
200900064197;9;11;20;1000;1;2;3;1.0;6;383;COURS GAMBETTA;;;;690
200900064303;9;11;24;810;1;2;1;1.0;3;388;BOULEVARD DES ETATS UNIS;;;;690
200900064321;9;11;21;1840;5;2;2;1.0;3;388;0, RUE PROFESSEUR BEAUVI;;;;690
200900064322;9;11;16;925;1;2;1;1.0;3;387;102, RUE DE GERLAND;;;;690
200900064372;9;8;6;1415;1;2;1;1.0;2;35;CD 929;M;4.0;0;760
200900064386;9;8;14;1712;1;2;3;1.0;3;681;1, BRUYERES SAINT JULIEN;;;;760
200900064406;9;8;4;820;1;2;2;1.0;3;540;1, DUFAY. RUE;;;;760
200900064418;9;8;23;1600;1;2;1;1.0;3;540;1, MONT RIBOUDET. AVENUE;;;;760
200900064423;9;9;30;1320;1;2;1;1.0;6;351;329, BOIS AU COQ (AVENUE;;;;760
200900064432;9;9;30;1220;1;2;1;2.0;7;351;6, FREDERIC BELLENGER;;;;760
200900064445;9;9;15;940;1;2;1;9.0;6;540;RUE DU MAIL.;;;;760
200900064447;9;9;18;2345;5;2;3;1.0;3;540;1, MOULIN. QUAI (HAUT) J;;;;760
200900064463;9;9;9;1600;1;2;2;9.0;3;540;1, AMIENS. RUE D';;;;760
200900064536;9;1;15;1500;1;2;1;1.0;6;28;85, VIGAN BRAQUET (AVENU;M;4.0;0;300
200900064541;9;8;8;2035;1;2;4;7.0;3;288;000, BROCELIANDE (AVENUE;;;;350
200900064559;9;8;26;815;1;1;1;1.0;5;49;;M;0.0;0;350
200900064573;9;8;27;1915;1;2;6;1.0;3;288;000, SAINT VINCENT  (ESP;;;;350
200900064576;9;8;22;1645;1;2;1;1.0;6;115;08, SAINT GERMAIN (BOULE;;;;350
200900064582;9;8;30;1835;1;2;1;1.0;3;238;00, DULLIN (SQUARE CHARL;M;4.0;-;350
200900064586;9;8;25;1120;1;2;3;1.0;3;238;NANTES/A.BLAIZE;M;4.0;-;350
200900064594;9;8;24;1030;1;2;3;1.0;3;238;BAHON RAULT/Bï¿½TIMENT;M;4.0;-;350
200900064595;9;8;31;805;1;2;2;7.0;3;238;BIGNON/NOYER;M;4.0;-;350
200900064598;9;7;7;1715;1;1;1;1.0;3;484;LES ISLES;M;4.0;-;500
200900064622;9;10;14;1200;1;2;1;1.0;1;433;RD52;M;4.0;0;570
200900064623;9;10;10;1730;1;1;1;1.0;5;134;;M;4.0;0;570
200900064636;9;10;6;1221;1;2;1;1.0;7;227;., SCHOENECK(RUE DE );;;;570
200900064661;9;10;24;1435;1;2;1;2.0;7;463;00, SOLIDARITE (BOULEVAR;;;;570
200900064662;9;10;31;1650;1;2;1;1.0;3;642;135, LIBERTE (VOIE DE LA;;;;570
200900064705;9;11;20;1535;1;1;1;1.0;3;672;0, VOLKRANGE (ROUTE DE);;;;570
200900064711;9;11;22;1325;1;2;6;1.0;3;253;7, VERDUN (RUE DE);;;;570
200900064738;9;11;3;1845;5;2;3;2.0;5;463;25, LOTHAIRE (RUE );;;;570
200900064751;9;12;4;1020;1;2;1;1.0;3;757;57, Nations (Avenue);;;;570
200900064804;9;9;2;1835;1;2;3;2.0;3;238;VERDUN/BASCULE;M;4.0;-;350
200900064805;9;9;17;940;1;2;1;8.0;2;238;BOULEVARD LAï¿½NNEC;M;4.0;-;350
200900064818;9;9;9;750;1;2;2;1.0;3;238;JUILLET/LICES;M;4.0;-;350
200900064830;9;9;1;1900;1;2;2;1.0;3;238;LA FONTAINE/A.CARREL;M;4.0;-;350
200900064836;9;9;1;1210;1;2;1;1.0;3;238;4 AVENUE C.TILLON;M;4.0;-;350
200900064837;9;9;4;1115;1;2;1;1.0;6;238;31, SAINT-HELIER;;;;350
200900064845;9;9;2;1545;1;1;1;1.0;1;223;;M;0.0;0;350
200900064850;9;9;30;1815;1;2;3;1.0;1;59;rue de la Metairie;M;0.0;0;350
200900064863;9;9;28;1615;1;2;1;1.0;2;239;;M;0.0;0;350
200900064864;9;9;16;930;1;1;1;1.0;7;318;;M;0.0;0;350
200900064888;9;5;4;1555;1;2;1;1.0;7;262;TRENET (RUE CHARLES);;;;110
200900064900;9;10;22;1300;1;2;3;2.0;3;238;J.JANVIER/A.AUBRY;M;4.0;-;350
200900064906;9;10;31;1900;5;2;1;1.0;7;238;PLACE DE LA GARE;M;4.0;-;350
200900064926;9;10;15;1445;1;2;6;7.0;1;51;rue belle ï¿½pine;M;0.0;0;350
200900064934;9;10;8;1800;1;2;6;1.0;3;360;rue de la Cotinï¿½re;M;0.0;0;350
200900064942;9;10;30;1430;1;2;4;1.0;7;115;MARCHANDS (RUE DES TROIS;;;;350
200900064946;9;10;27;1300;1;2;1;1.0;5;288;000, NOUVELLE GARE;;;;350
200900064955;9;10;12;1015;1;2;6;1.0;3;238;F. DE LESSEPS/CHAMPION D;M;4.0;-;350
200900064965;9;10;1;1600;1;2;2;1.0;3;55;00, BONNIN ANDRE (AVENUE;;;;350