Num_Acc;an;mois;jour;hrmn;lum;agg;int;atm;col;com;adr;gps;lat;long;dep
200900064967;9;10;6;1805;1;2;4;1.0;3;238;G.POMPIDOU/J.MERMOZ;M;4.0;-;350
200900064969;9;10;3;900;1;2;6;1.0;3;281;28, DODIN (AVENUE ROGER);;;;350
200900064975;9;6;9;1400;1;2;1;1.0;6;262;RIQUIER (RUE GUIRAUT);;;;110
200900064982;9;11;17;1110;1;2;3;1.0;3;42;Rue Jean NICOLAS;M;4.0;0;950
200900065007;9;11;24;1150;1;2;2;8.0;6;281;00, BODIN (RUE LOUISE);;;;350
200900065013;9;11;9;1230;1;2;2;1.0;3;238;MOTTE/V.HUGO;M;4.0;-;350
200900065019;9;11;10;2030;5;2;6;2.0;7;238;ALBERT 1ER/F.FRANï¿½AISES;M;4.0;-;350
200900065024;9;11;24;1910;5;2;1;1.0;3;238;2 BOULEVARD A.CARREL;M;4.0;-;350
200900065029;9;11;23;920;1;2;1;1.0;3;288;8, MOKA (AVENUE DE);;;;350
200900065037;9;11;23;815;1;2;6;2.0;6;238;J.VALLï¿½S/L.LUCIPIA;M;4.0;-;350
200900065038;9;11;25;1720;3;2;9;1.0;3;55;00, AUVERGNE (RUE D');;;;350
200900065045;9;12;9;1007;1;2;1;2.0;7;238;43 RUE J.FRANï¿½OIS MILLET;M;4.0;-;350
200900065053;9;12;2;1345;1;2;1;2.0;3;238;AVENUE DU  PROFESSEUR L.;M;4.0;-;350
200900065057;9;12;9;800;5;2;1;2.0;3;55;00, PETIT PRE (RUE DU);;;;350
200900065061;9;12;15;1745;5;2;2;1.0;7;238;GUINES/J.VERNE;M;4.0;-;350
200900065065;9;12;8;800;5;2;2;1.0;3;238;00, CARTIER (BD JACQUES);;;;350
200900065067;9;12;8;1230;1;2;1;8.0;6;238;26 RUE DE RIAVAL;M;4.0;-;350
200900065081;9;12;26;1130;1;1;1;8.0;1;130;BAZOUGES;M;4.0;-;350
200900065103;9;12;22;1640;1;2;2;1.0;3;238;ANTRAIN/VINCENNES;M;4.0;-;350
200900065108;9;12;14;1735;2;2;7;1.0;6;288;00, LECLERC MARECHAL (PL;;;;350
200900065112;9;12;22;1915;5;2;3;1.0;6;238;ISLY/ALLIï¿½S;M;4.0;-;350
200900065121;9;8;13;1305;1;2;6;1.0;3;549;JACQUES DUCLOS (AVENUE);;;;910
200900065149;9;8;5;1700;1;2;4;1.0;1;477;86, PARIS (RUE DE);;;;910
200900065156;9;8;31;1700;1;1;9;1.0;2;235;;M;4.0;0;910
200900065162;9;8;31;1220;1;2;1;1.0;3;223;1, SABLON (RUE DU);;;;910
200900065172;9;8;24;2120;5;2;1;1.0;1;471;0, LAUNAY (RUE DE);;;;910
200900065180;9;8;17;1810;1;2;1;1.0;7;97;JONQUILLES (AVENUE DES);;;;910
200900065183;9;8;6;1550;1;2;1;1.0;2;228;RN7;;;;910
200900065217;9;11;19;915;1;1;1;1.0;3;107;;M;0.0;0;830
200900065219;9;11;25;1545;1;2;6;1.0;3;70;;M;0.0;0;830
200900065260;9;11;18;735;1;2;1;1.0;3;137;517, GOURAUD (AVE GENERA;;;;830
200900065361;9;12;22;845;1;2;3;1.0;1;137;651, 15EME CORPS (AVE DU;;;;830
200900065389;9;11;12;1730;2;1;2;8.0;1;202;;M;0.0;0;760
200900065396;9;11;18;1015;1;1;2;1.0;5;490;;M;4.0;0;760
200900065415;9;11;12;810;1;2;1;1.0;6;681;1, PETIT. RUE GEORGES;;;;760
200900065426;9;11;25;1550;1;1;1;1.0;6;474;1, ABBAYE. RUE DE L' (CD;;;;760
200900065436;9;11;12;1610;1;2;1;1.0;7;351;nï¿½ant, BREQUE;;;;760
200900065449;9;11;6;1605;1;2;1;1.0;7;540;16, RUE JEAN LECANUET.;;;;760
200900065451;9;11;9;1515;1;1;1;1.0;5;547;;M;0.0;0;760
200900065457;9;12;13;1030;1;2;1;1.0;6;351;70, BELFORT (DE);;;;760
200900065530;9;12;1;845;1;2;2;1.0;3;383;00, RUE BELLECOMBE;;;;690
200900065582;9;12;5;1845;5;2;1;1.0;6;384;3, RUE AIME BOUSSANGE;;;;690
200900065594;9;12;10;1820;5;2;2;1.0;6;387;0, AVENUE JEAN JAURES;;;;690
200900065595;9;12;17;755;1;2;3;1.0;3;388;0, PLACE AMBROISE COURTO;;;;690
200900065596;9;12;18;1130;1;2;2;4.0;3;383;RUE FEUILLAT;;;;690
200900065624;9;12;23;1415;1;2;9;1.0;6;382;18, QUAI DOCTEUR GAILLET;;;;690
200900065629;9;12;18;1546;1;2;2;4.0;6;266;202, COURS EMILE ZOLA;;;;690
200900065656;9;8;11;1905;1;2;3;1.0;3;225;AVENUE BRANLY;M;4.0;-;140
200900065658;9;8;30;1920;1;1;6;1.0;3;557;;M;4.0;0;140
200900065661;9;12;8;710;2;2;1;2.0;2;482;SPV, ROUTE DE L'HOPITAL;M;0.0;0;670
200900065666;9;12;14;1451;1;2;3;1.0;3;482;SPV, RUE GOETHE;M;0.0;0;670
200900065676;9;12;10;745;5;2;3;2.0;3;482;SPV,RTE MITTELHAUSBERGEN;M;0.0;0;670
200900065677;9;12;9;1350;1;2;3;1.0;3;482;SPV, ROUTE DES ROMAINS;M;0.0;0;670
200900065680;9;12;4;1845;5;2;1;1.0;6;482;SPV, RUE DU LANDSBERG;M;0.0;0;670
200900065682;9;12;4;745;5;2;2;8.0;6;462;STRASBOURG (ROUTE DE);;;;670
200900065716;9;12;30;655;5;2;2;2.0;3;482;SPV, RUE DE BISCHWILLER;M;0.0;0;670
200900065733;9;8;11;1645;1;1;1;1.0;3;169;;M;0.0;0;230
200900065755;9;9;23;1115;1;2;1;1.0;1;8;Rue Bernard de Ventadour;M;0.0;0;230
200900065761;9;10;3;1515;1;2;1;1.0;6;219;Rue Princiaple;M;0.0;0;230
200900065823;9;8;25;2005;1;2;1;1.0;2;54;03, NOYER GRENOT (R DU);M;4.0;0;940
200900065838;9;8;27;730;1;2;1;1.0;3;19;0, FUSILLES DE CHATEAUBR;M;4.0;0;940
200900065848;9;8;24;2220;5;2;2;1.0;3;41;MAURICE THOREZ (AV);M;4.0;0;940
200900065862;9;8;23;1940;1;2;1;1.0;3;22;15-17, FOLIE (AV DE LA);M;4.0;0;940
200900065870;9;8;7;1250;1;2;2;1.0;3;17;DIANE (AV);M;4.0;0;940
200900065880;9;8;30;2010;2;2;1;1.0;2;42;GENERAL GALLIENI - PONT;M;4.0;0;940
200900065890;9;8;17;5;5;2;1;1.0;1;48;05, GROSBOIS (AV DE);M;4.0;0;940
200900065976;9;9;24;1540;1;2;1;1.0;6;68;25, BEL AIR (AV DU);M;4.0;0;940
200900065988;9;9;18;840;1;2;2;1.0;3;33;DAME BLANCHE (AV DE LA);M;4.0;0;940
200900065997;9;9;8;624;5;2;2;1.0;1;2;, CARNOT (PL);M;4.0;0;940
200900066012;9;9;11;1800;1;2;1;1.0;3;68;18, SAINT LOUIS (AV);M;4.0;0;940
200900066031;9;9;22;1843;2;2;1;1.0;6;1;QUAI MAGNE;M;4.0;0;940
200900066046;9;9;11;2145;5;2;2;1.0;3;42;27, EUROPE (BD DE L);M;4.0;0;940
200900066048;9;9;3;1025;1;2;3;1.0;1;42;78, POLANGIS (QU DE);M;4.0;0;940
200900066061;9;9;16;730;2;2;4;1.0;3;42;NC, PIERRE BROSSOLETTE (;M;4.0;0;940
200900066084;9;9;2;1550;1;2;2;1.0;3;58;NC, STALINGRAD (ALL DE);M;4.0;0;940
200900066134;9;9;23;1610;1;2;1;1.0;7;3;1, CITADELLE (R DE LA);M;4.0;0;940
200900066141;9;9;28;1550;1;2;3;1.0;6;76;1, PAUL VAILLANT COUTURI;M;4.0;0;940
200900066146;9;9;30;2027;5;2;1;1.0;7;80;14, FOCH (AV);M;4.0;0;940
200900066156;9;10;27;930;1;2;6;7.0;3;19;CHAMPLAIN (AV);M;4.0;0;940
200900066193;9;10;26;1330;1;2;3;1.0;3;22;01, EDOUARD BRANLY (R);M;4.0;0;940
200900066240;9;10;29;1820;5;2;2;1.0;1;34;PARC DES SPORTS (AV DU);M;4.0;0;940
200900066277;9;10;1;1800;1;2;1;1.0;7;28;FOCH(AVENUE DU MARECHAL);M;4.0;0;940
200900066287;9;10;13;745;2;2;1;1.0;2;68;15, VICTORIA (AV);M;4.0;0;940
200900066336;9;10;15;1025;1;2;2;1.0;3;52;NC, GEORGES V (BD);M;4.0;0;940
200900066367;9;10;4;440;5;2;1;1.0;7;16;36, DIVISION LECLERC (AV;M;4.0;0;940
200900066414;9;10;13;1215;1;2;3;1.0;3;80;14, SAULPIC (R);M;4.0;0;940
200900066417;9;5;26;1800;1;2;7;1.0;3;186;GLACIERE (BLD. DE LA);;;;70
200900066449;9;10;10;1835;1;2;3;1.0;3;646;R DU MAL FOCH/AU PAIN;M;4.0;0;780
200900066452;9;6;2;1945;1;2;2;1.0;3;146;R CAMILLE PERIER/MARTYRS;M;4.0;0;780
200900066470;9;9;6;1135;1;2;6;1.0;3;297;PLC G BESSE/R G HAUSSMAN;M;4.0;0;780
200900066473;9;9;9;1705;1;1;1;1.0;1;423;RD 10;M;4.0;0;780
200900066480;9;9;28;1610;1;2;1;1.0;2;646;22 BIS R RICHAUD;M;4.0;0;780
200900066482;9;10;1;1020;1;2;3;1.0;3;646;AV DE PARIS/CHMP LAGARDE;M;4.0;0;780
200900066486;9;10;6;810;3;2;6;2.0;3;297;PLC ORIAUX;M;4.0;0;780
200900066488;9;10;7;800;1;2;3;1.0;3;423;AV GAL LECLERC/R ARON;M;4.0;0;780
200900066505;9;11;5;1525;1;2;3;3.0;3;423;LECLERC (AVENUE DU  GENE;;;;780
200900066510;9;11;13;1345;1;2;1;1.0;3;297;8, MONNET (RUE JEAN);;;;780
200900066525;9;12;10;1430;1;2;6;1.0;3;423;QUATRE PAVES DU ROY (AVE;;;;780
200900066550;9;9;9;1030;1;2;1;1.0;3;344;CD 4;M;4.0;0;380
200900066558;9;9;25;2100;5;2;1;1.0;1;111;avenue de la liberation;M;0.0;0;380
200900066569;9;9;11;1730;1;2;1;1.0;1;511;;M;0.0;0;380
200900066583;9;9;24;1845;1;2;1;1.0;3;185;3, AVENUE Fï¿½LIX VIALLET;;;;380
200900066589;9;9;27;1325;1;2;3;1.0;3;185;00, AVENUE Fï¿½LIX VIALLET;;;;380
200900066590;9;9;11;800;1;2;2;1.0;3;185;00, RUE DIDEROT;;;;380
200900066600;9;10;5;1300;1;1;1;1.0;3;397;;M;0.0;0;380
200900066632;9;10;22;1645;1;2;1;1.0;3;185;00, AVENUE MARCELIN BERT;;;;380
200900066633;9;10;16;1850;2;2;1;1.0;3;516;00, 99 VOIE NON IDENTIFI;;;;380
200900066639;9;10;12;1645;1;2;1;1.0;3;516;00, PONT DU SABLON;;;;380
200900066647;9;4;29;1020;1;2;1;1.0;3;699;ARISTIDE BRIAND (AVENUE);;;;140
200900066679;9;11;24;1400;1;1;1;8.0;1;215;;M;4.0;0;380
200900066682;9;11;20;1000;1;2;1;1.0;6;468;Impasse Renivet;M;0.0;0;380
200900066706;9;11;26;2010;5;2;3;1.0;3;185;00, BOULEVARD JOSEPH VAL;;;;380
200900066731;9;12;11;1400;1;2;2;1.0;6;185;00, AVENUE Gï¿½Nï¿½RAL CHAMP;;;;380
200900066749;9;12;9;730;3;1;1;1.0;1;528;;M;0.0;0;380
200900066797;9;8;31;1515;1;2;1;1.0;3;105;RD1075 26 route du bourg;M;0.0;0;380
200900066801;9;8;29;1045;1;1;1;1.0;6;133;;M;4.0;0;380
200900066807;9;8;14;1000;1;1;6;1.0;2;324;;M;4.0;0;380
200900066817;9;8;23;1130;1;1;6;1.0;1;535;;M;0.0;0;380
200900066823;9;8;21;1215;1;2;1;1.0;6;38;Chemin de la Croze;M;4.0;0;380
200900066833;9;8;13;750;2;2;6;1.0;3;53;ISLE D'ABEAU (ROUTE DE);;;;380
200900066837;9;8;12;1830;1;2;2;1.0;3;185;00, AVENUE Fï¿½LIX VIALLET;;;;380
200900066840;9;8;24;1440;1;2;3;1.0;3;185;00, AVENUE JEAN PERROT;;;;380
200900066844;9;8;16;1910;1;2;6;1.0;3;185;RUE DE STALINGRAD;;;;380
200900066859;9;8;8;2210;3;1;1;1.0;2;53;SAINT MARCEL BEL ACCUEIL;;;;380
200900066877;9;10;22;735;5;2;1;2.0;3;194;REPUBLIQUE (BOULEVARD);;;;580
200900066883;9;10;3;1835;1;2;1;1.0;6;194;sans, GENERAL DE GAULLE;;;;580
200900066887;9;10;6;1215;1;2;1;1.0;6;194;38, VICTOR HUGO (BOULEVA;;;;580
200900066941;9;7;24;1400;1;2;3;1.0;3;55;401, RUE SAINT PIERRE;;;;130
200900066944;9;8;18;1300;1;2;1;1.0;3;214;MASSENET (BOULEVARD);;;;130
200900066951;9;9;7;1830;1;2;4;7.0;3;318;LE BOURG;M;4.0;0;420
200900066952;9;9;8;1245;1;2;2;1.0;5;155;le bourg;M;4.0;0;420
200900066961;9;9;14;915;1;1;1;1.0;2;11;;M;4.0;0;420
200900066970;9;9;17;1530;1;1;1;1.0;3;41;;M;4.0;0;420
200900066977;9;9;17;1630;1;1;1;1.0;3;216;;M;4.0;0;420
200900067026;9;9;5;1730;1;2;1;1.0;3;187;20, VIES VIEILLES (RUE D;M;4.0;0;420
200900067046;9;10;12;1245;1;2;9;1.0;3;311;la croix maladire;M;4.0;0;420
200900067059;9;9;8;1115;1;2;1;1.0;1;111;;M;4.0;0;540
200900067070;9;9;23;1830;1;1;1;1.0;1;507;;M;4.0;0;540
200900067082;9;9;29;925;1;2;1;1.0;3;304;1, SAPINIERE (RUE DE LA);;;;540
200900067095;9;9;1;930;1;2;1;1.0;7;547;GUINGOT (RUE LOUIS);;;;540
200900067101;9;9;5;1400;1;2;3;1.0;1;79;PETITE-SUISSE (AVENUE DE;;;;540
200900067103;9;9;26;1200;1;2;1;1.0;2;357;11, SOLVAY (RUE);;;;540
200900067127;9;10;26;800;1;1;1;7.0;1;78;LE HAMEL;M;0.0;0;610
200900067145;9;10;3;1230;1;2;1;1.0;2;466;LA RIVIERE;M;4.0;-;610
200900067165;9;12;15;1705;5;2;1;1.0;3;69;x, LIONS (AVENUE HONORE);;;;60
200900067175;9;12;8;1725;1;2;2;1.0;6;88;0, DANTE (RUE);;;;60
200900067197;9;12;6;1600;1;2;1;1.0;2;88;0, TURIN (RTE DE);;;;60
200900067293;9;12;8;1815;5;2;1;1.0;6;27;47, PLAGE BOULEVARD DE L;;;;60
200900067309;9;12;2;845;1;2;1;1.0;3;29;COUVERTURE VOIE FERREE;;;;60
200900067371;9;10;16;2200;5;2;1;1.0;3;540;1, REPUBLIQUE. RUE DE LA;;;;760
200900067375;9;10;28;1535;1;2;1;1.0;4;216;1, LAVEISSIERE. RUE;;;;760
200900067419;9;11;29;830;2;1;1;1.0;3;145;;M;0.0;0;610
200900067438;9;10;8;1717;1;2;1;1.0;6;218;28, JANIN JULES (BD) JUS;M;4.0;0;420
200900067489;9;10;10;1030;1;2;1;1.0;3;177;25 petite rue de la gare;M;4.0;0;420
200900067490;9;10;5;730;2;1;1;1.0;1;208;;M;4.0;0;420
200900067506;9;10;13;1205;1;2;3;1.0;3;187;10, HOCHE (RUE);M;4.0;0;420
200900067509;9;10;6;835;1;2;1;1.0;3;187;DOURDEIN (RUE AUGUSTE );M;4.0;0;420
200900067525;9;10;22;1925;5;2;1;3.0;2;218;18 et 20, ONDAINE (DE L';M;4.0;0;420
200900067646;9;9;1;1615;1;2;1;1.0;6;88;AURIOL (PONT VINCENT);;;;60
200900067656;9;9;30;1155;1;2;1;1.0;2;123;BORD DE MER RN 98;;;;60
200900067664;9;9;7;1610;1;2;1;1.0;3;123;51, FRANCE D'OUTRE MER A;;;;60
200900067702;9;9;11;745;2;1;1;1.0;1;150;;M;0.0;0;60
200900067742;9;9;30;1110;1;2;1;1.0;7;104;193, BRIAND (AVENUE ARIS;;;;60
200900067768;9;9;24;730;1;2;1;1.0;3;88;824, RD 6202;;;;60
200900067773;9;10;1;1900;2;2;2;1.0;3;395;1, METZ (RUE DE);;;;540
200900067781;9;10;6;705;5;2;1;1.0;3;79;99, CLAUDE (AVENUE VICTO;;;;540
200900067790;9;10;9;950;1;2;2;1.0;3;395;00, LOBAU (BOULEVARD);;;;540
200900067804;9;10;24;1425;1;2;2;1.0;3;547;PERI (RUE GABRIEL);;;;540
200900067841;9;11;18;945;1;2;1;1.0;3;187;CLERMONT (RUE DE );M;4.0;0;420
200900067876;9;11;17;1320;1;2;2;1.0;3;316;CD 3;M;4.0;0;420
200900067947;9;11;7;930;1;2;1;1.0;2;88;0, ANGLAIS (A PARTIR DU;;;;60
200900067951;9;11;20;1705;2;2;1;1.0;3;88;23, MAETERLINCK (BD M.);;;;60
200900068049;9;11;4;1625;1;1;1;1.0;7;69;188, CANNES (ROUTE DE);;;;60
200900068066;9;11;9;745;1;2;2;1.0;3;29;SARDOU (AVENUE LEANDRE);;;;60
200900068107;9;10;25;1500;1;2;1;1.0;2;4;GALLICE AV.ET PASSAGE;;;;60
200900068164;9;10;5;1440;1;2;1;1.0;3;83;920, SOLEIL (PROMENADE D;;;;60
200900068183;9;10;30;1030;1;2;1;1.0;3;159;0, NAPOLEON III (BOULEVA;;;;60
200900068211;9;10;27;1400;1;2;1;1.0;6;88;37, BEAUMONT (RUE);;;;60
200900068267;9;9;4;2105;5;2;9;1.0;6;681;EVREUX (PLACE D');M;4.0;0;270
200900068278;9;12;6;235;5;2;1;1.0;7;184;45, LECLERC (RUE DU GENE;;;;540
200900068288;9;12;31;1420;1;2;2;3.0;6;395;296, LECLERC (AV DU GENE;;;;540
200900068325;9;12;29;1925;5;2;3;1.0;3;184;1, HAYOTTE (RUE);;;;540
200900068333;9;8;19;1545;1;2;5;1.0;3;217;AVENUE DES CANADIENS;;;;760
200900068334;9;11;9;1800;3;1;1;2.0;3;186;D994;;;;550
200900068336;9;8;28;1620;1;2;1;1.0;3;565;ROUTE DE ROUEN;;;;760
200900068337;9;11;4;1638;1;2;1;1.0;7;123;PELLETIER BD;;;;780
200900068354;9;10;4;1200;1;1;1;1.0;3;136;;M;4.0;0;890
200900068361;9;10;9;2030;5;2;1;1.0;6;418;Faubourg St Michel;M;0.0;0;890
200900068371;9;10;28;1430;1;1;1;1.0;3;255;;M;4.0;0;890
200900068388;9;9;9;1255;1;2;1;1.0;7;217;1, LALITTE (QUAI GASTON);;;;760
200900068419;9;7;1;1940;1;2;2;1.0;7;395;1, LOBAU (BOULEVARD);;;;540
200900068422;9;7;2;1050;1;2;3;1.0;3;547;1, ARC (AVENUE JEANNE D';;;;540
200900068427;9;7;3;815;1;2;3;1.0;3;397;CARREFOUR ESPINAT SAULES;M;0.0;0;540
200900068429;9;7;3;1945;1;2;1;1.0;3;329;39, BLD. GEORGES POMPIDO;M;4.0;0;540
200900068457;9;7;28;1400;1;2;1;1.0;2;102;RUE DE LA REPUBLIQUE;M;0.0;0;540
200900068472;9;11;16;1030;1;2;3;1.0;1;101;route de Jaulges;M;0.0;0;890
200900068499;9;12;14;730;3;1;9;1.0;1;478;;M;0.0;0;890
200900068530;9;4;4;1120;1;2;3;1.0;2;55;LECLERC / COURTILLIERES;M;4.0;0;930
200900068537;9;5;30;1915;1;2;1;1.0;6;73;AV DU GENERAL DE GAULLE;M;4.0;0;930
200900068538;9;5;30;2000;1;2;1;1.0;2;55;12 QU DE L'AISNE;M;4.0;0;930
200900068555;9;6;21;1520;1;2;1;1.0;1;55;79 AV EDOUARD VAILLANT;M;4.0;0;930
200900068560;9;10;29;1320;1;2;7;1.0;6;715;MARECHAL FOCH (PLACE);M;4.0;0;140
200900068588;9;12;10;1010;1;2;5;1.0;3;165;1, GAMBETTA. RUE LEON;;;;760
200900068621;9;10;22;1635;1;2;6;1.0;3;46;GERARD / BERT;M;4.0;0;930
200900068671;9;10;19;950;1;2;3;8.0;3;51;MONT D'EST / GALILEE;M;4.0;0;930
200900068721;9;10;12;800;1;2;6;1.0;2;8;PLACE SAINT JUSTE;M;4.0;0;930
200900068755;9;10;12;2000;5;2;1;1.0;1;5;21 AV DE NONNEVILLE;M;4.0;0;930
200900068824;9;10;1;1140;1;2;1;1.0;2;1;27 QU LUCIEN LEFRANC;M;4.0;0;930
200900068827;9;10;16;1430;1;2;2;1.0;6;8;REPUBLIQUE / DEVIATION;M;4.0;0;930
200900068900;9;7;2;1710;1;2;3;1.0;1;62;THIERS / JARDIN ANGLAIS;M;4.0;0;930
200900068942;9;7;31;1745;1;2;1;1.0;6;51;QU DE LA RIVE CHARMANTE;M;4.0;0;930
200900068955;9;7;9;1445;1;2;2;1.0;1;46;AUMALE / AGUESSEAU;M;4.0;0;930
200900068960;9;7;16;2125;2;1;1;1.0;3;73;CHE DES VACHES;M;4.0;0;930
200900068979;9;7;5;1128;1;2;2;1.0;3;73;LENINE / RESISTANCE;M;4.0;0;930
200900068984;9;7;28;830;1;2;1;1.0;3;66;27 BD DE LA LIBERATION;M;4.0;0;930
200900068991;9;7;4;1900;1;2;1;1.0;1;73;AV DE LA STATION;M;4.0;0;930
200900069039;9;7;3;1005;1;2;1;1.0;3;59;44 AV GENERAL GALLIENI;M;4.0;0;930
200900069043;9;7;16;1900;1;2;1;1.0;3;5;BD GEORGES BRAQUE;M;4.0;0;930
200900069071;9;8;13;815;1;2;3;1.0;1;55;LECLERC / DIDEROT;M;4.0;0;930
200900069085;9;8;26;1035;1;2;1;1.0;3;27;25 R EDGAR QUINET;M;4.0;0;930
200900069136;9;8;18;1515;1;2;2;1.0;1;8;VAILLANT / COQUELICOTS;M;4.0;0;930
200900069160;9;8;29;1600;2;2;1;1.0;3;51;AV DU BOIS SAINT-MARTIN;M;4.0;0;930
200900069168;9;8;30;1645;1;2;1;1.0;1;66;R ALAN SHEPPARD;M;4.0;0;930
200900069174;9;8;29;1350;1;2;2;1.0;3;48;ARAGO / LEBOUR;M;4.0;0;930
200900069180;9;8;26;1830;1;2;1;1.0;1;78;R COLETTE;M;4.0;0;930
200900069208;9;8;20;1435;1;2;1;1.0;2;5;BD ANDRE CITROEN;M;4.0;0;930
200900069217;9;9;23;930;1;2;6;1.0;3;55;VAILLANT / GARE;M;4.0;0;930
200900069218;9;9;10;805;1;2;3;1.0;3;55;AUFFRET / KLEBER;M;4.0;0;930
200900069219;9;9;7;655;1;2;3;1.0;3;55;DAVOUST / VAILLANT;M;4.0;0;930
200900069223;9;9;26;1640;1;2;1;1.0;6;55;23 R AUGER;M;4.0;0;930
200900069242;9;9;18;1400;1;2;1;1.0;3;77;110 GRANDE RUE;M;4.0;0;930
200900069251;9;9;4;700;2;2;1;3.0;3;39;R MECHIN;M;4.0;0;930
200900069261;9;9;12;1710;1;2;1;1.0;3;31;113 AV JOFFRE;M;4.0;0;930
200900069294;9;9;11;1700;1;2;1;1.0;3;32;36 R JEAN BOUIN;M;4.0;0;930
200900069300;9;9;26;1630;1;2;1;1.0;6;31;AV DE LA REPUBLIQUE;M;4.0;0;930
200900069310;9;9;9;1120;1;2;1;1.0;3;48;R MICHELET;M;4.0;0;930
200900069314;9;9;20;1330;1;2;1;1.0;3;46;51 AV MAUROUARD;M;4.0;0;930
200900069322;9;9;11;1340;1;2;1;1.0;1;1;BD FELIX FAURE;M;4.0;0;930
200900069370;9;9;16;1320;1;2;1;1.0;3;63;28 AV LENINE;M;4.0;0;930
200900069391;9;9;22;1130;1;2;6;1.0;1;5;CAR DE L'EUROPE;M;4.0;0;930
200900069392;9;9;10;850;1;2;1;1.0;3;27;178 AV PAUL VAIL COUTURI;M;4.0;0;930
200900069417;9;9;24;1810;1;2;3;1.0;3;7;CHOQUET / VICTOIRE;M;4.0;0;930
200900069553;9;11;9;2320;5;2;1;1.0;3;57;54 ALL DE MONTHYON;M;4.0;0;930
200900069604;9;12;4;1250;1;2;5;1.0;2;73;COLONGO / ARDENNES;M;4.0;0;930
200900069687;9;12;15;1500;1;2;2;1.0;3;46;COLLAVERI / LAINE;M;4.0;0;930
200900069730;9;10;5;1610;1;2;2;1.0;3;1;BOULEVARD MEZERAY;M;4.0;0;610
200900069738;9;4;23;2245;3;1;1;1.0;1;476;DUNANT HENRI (RUE);;;;760
200900069749;9;9;20;1530;1;2;3;1.0;3;281;GENEVE (AVE ) JUSQUE C;;;;740
200900069757;9;6;4;1720;1;2;3;1.0;3;377;sans, VALLEE DE LA BIEVR;;;;910
200900069758;9;7;2;1415;1;2;3;1.0;3;687;00, JEAN-BAPTISTE LEBAS;;;;910
200900069792;9;12;1;1320;1;1;1;1.0;2;123;CD 212;;;;770
200900069863;9;12;31;1609;1;2;6;1.0;3;218;0, giratoire Andrï¿½i KIVI;M;4.0;0;420
200900069868;9;2;10;1600;1;2;1;1.0;6;110;10, FAUBOURG DE COUZON;M;4.0;0;420
200900069923;9;8;5;1026;1;1;1;1.0;3;69;R N 113 sens NARBONNE/TO;;;;110
200900069933;9;3;14;1615;1;2;1;1.0;2;55;90 AV JEAN JAURES;M;4.0;0;930
200900069936;9;3;20;1730;1;2;1;1.0;6;55;52/54 AV JEAN JAURES;M;4.0;0;930
200900069999;9;5;19;1110;1;2;1;1.0;3;70;R SOUBISE;M;4.0;0;930
200900070000;9;5;26;1935;1;2;1;1.0;1;70;R MARCEL BOURDARIAS;M;4.0;0;930
200900070003;9;7;6;1820;1;2;1;1.0;3;70;50 AV GABRIEL PERI;M;4.0;0;930
200900070025;9;2;10;2010;2;2;2;1.0;6;387;0, RUE SEBASTIEN GRYPHE;;;;690
200900070031;9;3;17;2020;5;2;2;1.0;6;387;66, AVENUE JEAN JAURES;;;;690
200900070038;9;4;1;950;1;2;2;1.0;3;387;0, GRANDE RUE DE LA GUIL;;;;690
200900070078;9;11;18;1110;1;2;6;1.0;3;69;NS, ARROMANCHES ( ROND P;;;;830
200900070084;9;4;24;1335;1;2;1;1.0;6;387;281, RUE DE CREQUI;;;;690
200900070105;9;10;10;1650;1;2;2;2.0;3;29;1, AVENUE FRANKLIN ROOSE;;;;690
200900070108;9;11;4;1750;5;2;3;2.0;3;290;0, BOULEVARD DE PARILLY;;;;690
200900070113;9;11;20;1905;5;2;1;1.0;3;385;44, RUE COMMANDANT CHARC;;;;690
200900070114;9;11;26;730;1;2;1;1.0;3;385;Face au 2, AVENUE DEBROU;;;;690
200900070127;9;1;31;955;1;2;3;1.0;3;54;LACANAU  AVENUE DE;;;;130
200900070143;9;7;15;1920;1;2;1;1.0;6;566;CHAMPS BAILLY(RUE);M;4.0;-;140
200900070155;9;12;11;900;1;2;2;1.0;3;60;Rue du Pontreau;M;4.0;-;850
200900070166;9;12;8;1115;1;1;1;1.0;3;512;bld de Strasbourg;;;;590
200900070179;9;4;21;1900;1;2;2;1.0;3;217;1, RUE JOSEPH BRANTHOMME;;;;760
200900070204;9;9;20;1030;1;2;3;1.0;6;462;COMMANDANT VALENTIN;;;;250
200900070231;9;9;5;1715;1;2;6;1.0;3;434;JULES FERRY (RUE);;;;910
200900070261;9;9;14;1800;1;2;1;1.0;3;477;17BIS, HUIT MAI 1945 (AV;;;;910
200900070306;9;9;8;2110;5;2;2;1.0;3;182;ORME A MARTIN (AVENUE DE;;;;910
200900070315;9;9;22;2100;5;2;1;1.0;2;340;rue de paris;M;4.0;0;910
200900070317;9;9;11;700;2;2;3;1.0;3;494;rue de la noue rousseau;M;4.0;0;910
200900070347;9;9;22;1535;1;2;4;1.0;2;223;1, SAINT MICHEL (BOULEVA;;;;910
200900070354;9;10;18;1145;1;2;1;1.0;6;689;02, EUROPE (BOULEVARD DE;;;;910
200900070387;9;10;7;820;2;2;1;1.0;3;549;, GABRIEL PERI (AVENUE);;;;910
200900070388;9;10;28;1115;1;2;1;1.0;2;645;0, GARDES (RUE DES);;;;910
200900070475;9;10;13;900;1;2;6;1.0;1;122;0, LOUIS SCOCARD (RUE);;;;910