Num_Acc;an;mois;jour;hrmn;lum;agg;int;atm;col;com;adr;gps;lat;long;dep
200900070476;9;10;2;1930;5;2;1;1.0;3;657;LONGUERAIE (RUE DE LA );;;;910
200900070478;9;10;3;1545;1;2;1;1.0;1;645;23, FRONDAISONS (ALLEE D;;;;910
200900070501;9;11;10;700;2;2;6;1.0;2;589;MONTAGNE PAVEE (RUE DE L;;;;910
200900070502;9;11;4;1550;1;2;3;1.0;3;687;MUGUET (RUE DU);;;;910
200900070671;9;12;11;845;1;2;1;1.0;6;114;CERFS (RUE DES);;;;910
200900070722;9;12;13;1145;1;1;1;1.0;1;235;;M;4.0;0;910
200900070730;9;12;7;910;1;2;9;5.0;3;228;., RN7;;;;910
200900070754;9;12;26;1810;2;2;2;1.0;3;201;HENRI BARBUSSE(BOULEVARD;;;;910
200900070758;9;12;7;1145;1;2;1;1.0;1;216;CD 117;;;;910
200900070767;9;6;3;920;1;2;1;1.0;3;66;16 R DU LANDY;M;4.0;0;930
200900070778;9;11;1;1110;1;2;3;2.0;3;14;8 MAI 1945 / AUDIN;M;4.0;0;930
200900070789;9;12;11;850;1;2;1;1.0;5;48;116 R DE ROSNY;M;4.0;0;930
200900070843;9;8;17;1800;1;2;1;1.0;3;7;68 CITE DAN CASANOVA;M;4.0;0;930
200900070905;9;11;24;1205;1;2;3;1.0;3;28;0, PETITES HAYES.(AVENUE;M;4.0;0;940
200900070906;9;11;24;1355;1;2;2;8.0;3;58;HENRI NAVARRE (R);M;4.0;0;940
200900070931;9;11;4;1740;5;2;2;2.0;3;68;FOCH (AV);M;4.0;0;940
200900070967;9;11;13;755;2;2;2;1.0;1;17;DIDEROT (R);M;4.0;0;940
200900070973;9;11;16;920;1;2;3;1.0;3;16;1, PRESIDENT WILSON (AV;M;4.0;0;940
200900071002;9;11;2;1100;1;2;1;1.0;6;28;RTE CHOISY;M;4.0;0;940
200900071072;9;11;28;830;1;2;1;2.0;6;67;27, SACROT (R);M;4.0;0;940
200900071073;9;11;29;1045;1;2;2;1.0;2;41;65, GEORGES GOSNAT (AV);M;4.0;0;940
200900071092;9;11;9;1700;2;2;1;1.0;2;58;69 BIS, LEDRU ROLLIN (AV;M;4.0;0;940
200900071126;9;11;23;1025;1;2;1;8.0;7;68;86B, GAMBETTA (AV);M;4.0;0;940
200900071172;9;3;23;820;1;2;6;1.0;3;54;PASTEUR (RUE);;;;210
200900071178;9;5;16;1933;1;2;1;1.0;3;54;JOFFRE (BOULEVARD MARECH;;;;210
200900071179;9;6;15;655;1;2;3;3.0;7;54;JOIGNEAUX (RUE PIERRE);;;;210
200900071182;9;6;20;1100;1;2;3;1.0;3;54;SAVIGNY (ROUTE DE);;;;210
200900071183;9;7;8;1810;1;2;1;1.0;3;54;JOFFRE (BOULEVARD MARECH;;;;210
200900071202;9;11;6;844;1;2;3;1.0;3;355;RENTE ST BENIGNE (DE LA);;;;210
200900071206;9;11;9;1210;1;2;6;2.0;3;278;DOCTEUR MAJNONI D'INTIGN;;;;210
200900071256;9;12;8;900;1;2;3;1.0;3;18;GRAVELLE (AV DE);M;4.0;0;940
200900071305;9;12;8;1930;5;2;1;1.0;6;17;ROGER SALENGRO (AV);M;4.0;0;940
200900071320;9;12;11;820;1;2;2;1.0;3;68;EDOUARD VALLERAND (R);M;4.0;0;940
200900071326;9;12;12;1600;1;2;1;1.0;6;80;., SOLIDARITE (R DE LA);M;4.0;0;940
200900071416;9;12;11;1140;1;2;2;1.0;6;28;BROSSOLETTE(AVENUE PIERR;M;4.0;0;940
200900071421;9;12;15;1242;1;2;1;1.0;3;28;KENNEDY.(BOULEVARD JOHN);M;4.0;0;940
200900071442;9;6;3;1350;1;2;3;1.0;3;481;AV MAL TASSIGNY/PAVILLON;M;4.0;0;780
200900071451;9;8;31;945;1;2;1;1.0;6;113;., SAINT HEREM (RUE);;;;630
200900071478;9;11;15;1155;1;2;1;1.0;3;64;FEUDON;;;;920
200900071482;9;10;12;1755;1;2;3;1.0;3;23;PORTE DE TRIVAUX (RUE DE;;;;920
200900071490;9;6;4;855;1;2;1;1.0;2;60;LEON BLUM (AVENUE) (RD 7;;;;920
200900071535;9;10;29;1715;1;2;2;1.0;3;529;53, CUREPIPE (BD DE) DU;;;;330
200900071542;9;5;23;920;1;2;6;1.0;3;243;65, PLINE PARMENTIER(RUE;;;;330
200900071550;9;8;25;1655;1;2;3;1.0;6;414;SALENGRO (RUE ROGER);;;;600
200900071570;9;10;8;2105;3;1;1;1.0;2;408;RD 967;;;;20
200900071576;9;8;19;1725;1;2;6;1.0;3;194;Sans, PIERRE DE COUBERTI;;;;580
200900071582;9;8;31;1515;1;2;1;1.0;3;194;CHAMP DE FOIRE (RUE);;;;580
200900071586;9;12;26;1700;1;2;1;1.0;7;194;SANS, HAMMAMET;;;;580
200900071593;9;3;20;1655;1;2;1;1.0;6;113;142, ORADOU (RUE DE L');;;;630
200900071610;9;9;12;1630;1;2;3;1.0;3;63;8, MOULIN (BD JEAN);;;;630
200900071637;9;6;13;15;5;2;2;1.0;3;68;ARROMANCHES (AV D);M;4.0;0;940
200900071658;9;8;11;1005;1;1;1;1.0;2;207;"LIEU DIT ""LA COUTURE""";M;4.0;0;360
200900071660;9;9;25;1240;1;1;1;1.0;3;545;RD810;M;4.0;-;640
200900071664;9;9;10;1815;1;2;1;1.0;6;483;1, HABAS MATHIEU OU PERE;M;4.0;-;640
200900071723;9;11;2;1025;1;2;3;;3;118;BVD ARISTIDE BRIAND;M;4.0;-;140
200900071748;9;10;21;1405;1;2;1;1.0;6;350;137, SALENGRO ROGER RUE;;;;590
200900071753;9;10;27;1420;1;2;1;1.0;6;378;17, MARNE AVENUE DE LA;;;;590
200900071754;9;10;28;1300;1;2;2;1.0;6;350;192, SOLFERINO RUE Nï¾°110;;;;590
200900071783;9;2;17;1530;1;1;1;1.0;3;364;;M;0.0;0;490
200900071795;9;10;5;1649;1;2;1;1.0;7;7;0, JUIN PLACE ET RUE;;;;490
200900071802;9;2;26;1710;1;1;1;1.0;2;46;;A;0.0;0;400
200900071803;9;4;9;1445;1;1;1;1.0;3;323;;A;0.0;0;400
200900071836;9;6;19;740;1;2;1;1.0;6;440;RD 43;M;4.0;0;780
200900071838;9;6;23;1715;1;2;1;1.0;3;688;R G BIZET;M;4.0;0;780
200900071856;9;7;26;1930;1;2;1;1.0;6;9;19, FUSILLï¿½S;M;0.0;0;590
200900071881;9;8;12;1752;1;1;6;1.0;3;440;AV RAOULT/R BECHEVILLE;M;4.0;0;780
200900071882;9;8;13;600;2;2;6;1.0;3;208;RD PT DES TEMPLIERS;M;4.0;0;780
200900071884;9;8;25;1530;1;2;2;1.0;3;337;RTE DES VIGNES/PRIEURE;M;4.0;0;780
200900071897;9;7;27;1530;1;2;3;1.0;3;349;VOIE COMMUNALE 6;M;4.0;0;880
200900071906;9;9;25;1730;1;1;1;1.0;1;391;;M;4.0;0;880
200900071922;9;7;18;1440;1;2;3;1.0;7;261;SIMON (RUE JULES);;;;370
200900071928;9;9;23;1835;1;2;6;1.0;2;165;AV H PROU/CROIX BLANCHE;M;4.0;0;780
200900071931;9;9;2;1220;1;2;3;1.0;2;575;RD 51/R BOILEAU;M;4.0;0;780
200900071934;9;9;19;1245;1;1;1;1.0;3;674;RD 11;M;4.0;0;780
200900071936;9;9;27;2011;5;2;1;1.0;5;586;AV DE LA CONVENTION;M;4.0;0;780
200900071957;9;8;29;1030;1;2;3;1.0;6;526;1, DES FAIENCIERS FAUQUE;;;;590
200900071969;9;10;16;1705;1;2;6;1.0;3;646;RD 91/BD DU SOULT;M;4.0;0;780
200900072018;9;1;28;410;3;1;1;1.0;2;389;PV;M;4.0;0;670
200900072081;9;6;28;1540;1;1;1;1.0;2;338;PV;M;4.0;0;670
200900072098;9;7;20;1520;1;2;1;1.0;1;511;PV, 118 GRAND'RUE;M;4.0;0;670
200900072119;9;9;7;1950;1;2;1;1.0;1;237;PV;M;4.0;0;670
200900072130;9;9;27;1430;1;2;1;;3;213;PV;M;0.0;0;670
200900072140;9;10;6;1725;1;2;1;1.0;3;486;PV, RUE DE L'ENFER;M;0.0;0;670
200900072170;9;12;1;750;1;2;1;1.0;1;7;PV, RUE DU SABLE;M;4.0;0;670
200900072188;9;5;4;1640;1;2;2;1.0;3;482;SPV, RUE DE SOULTZ;M;0.0;0;670
200900072195;9;7;23;1945;1;2;5;2.0;3;482;SPV, RUE PAUL ELUARD;M;0.0;0;670
200900072197;9;9;7;1630;1;2;2;1.0;6;482;SPV, ROUTE DE L'HOPITAL;M;0.0;0;670
200900072202;9;10;7;1815;2;2;1;1.0;1;482;PV, 7 RUE GEORGES WODLI;M;0.0;0;670
200900072204;9;10;30;1930;5;2;3;1.0;6;482;SPV, 43 FAUBG DE PIERRE;M;0.0;0;670
200900072206;9;12;2;1355;1;2;2;1.0;3;482;SPV, RUE DE LA PAPETERIE;M;0.0;0;670
200900072243;9;4;5;1725;1;2;3;1.0;7;444;CARF D19-RUE DE LA GARE;M;4.0;0;10
200900072274;9;7;26;1200;1;2;1;1.0;6;376;35 ROUTE DE GENEVE;M;4.0;0;10
200900072280;9;8;25;820;1;2;3;1.0;3;26;ROUTE DU BOURG;M;4.0;0;10
200900072292;9;10;21;1335;1;2;1;9.0;3;71;AULNAY (RUE D');;;;930
200900072472;9;1;27;1130;1;1;1;1.0;6;25;;A;0.0;0;971
200900072480;9;1;17;700;1;1;1;7.0;2;27;;A;0.0;0;971
200900072486;9;1;7;1930;3;2;1;1.0;2;1;CHAZEAU;;;;971
200900072492;9;1;1;1830;5;2;1;1.0;3;7;DUMANOIR ( ALLEE );;;;971
200900072504;9;2;13;1240;1;2;1;1.0;1;7;PASTEUR  ( RUE );;;;971
200900072507;9;3;18;1930;5;2;1;1.0;1;27;Entree Grand Case;A;0.0;0;971
200900072515;9;3;31;1700;1;1;1;7.0;2;3;;A;0.0;0;971
200900072517;9;3;5;1730;1;1;1;1.0;1;15;;A;0.0;0;971
200900072533;9;4;1;1830;5;2;1;1.0;3;4;Route de St Louis RD30;A;1.0;6;971
200900072571;9;1;17;1945;3;1;9;9.0;2;2;;R;0.0;0;974
200900072575;9;1;17;1400;1;1;1;1.0;2;55;;R;0.0;0;974
200900072583;9;1;4;2101;5;2;1;1.0;2;11;BEDIER (AVENUE JOSEPH);;;;974
200900072589;9;1;19;650;1;2;6;1.0;3;7;ROND POINT ROSE DES VENT;;;;974
200900072596;9;2;9;600;1;2;2;1.0;3;7;PARIS (AVENUE);;;;974
200900072598;9;2;7;1930;3;2;1;1.0;3;9;inc, CAMBUSTON (rue de);;;;974
200900072622;9;2;20;630;1;1;1;1.0;6;3;;R;0.0;0;974
200900072625;9;2;15;1915;5;1;1;1.0;1;22;;R;0.0;0;974
200900072626;9;2;28;1925;5;2;1;1.0;1;7;PARNY EVARISTE(RUE);;;;974
200900072627;9;2;19;2220;5;2;2;1.0;3;7;FERRY (RUE);;;;974
200900072628;9;2;24;750;1;2;1;1.0;6;7;DE GAULLE(RUE);;;;974
200900072634;9;2;22;1700;1;1;3;1.0;7;9;COLONIALE (route);;;;974
200900072636;9;2;5;1605;1;2;1;1.0;1;14;SANS, JAPON (du);;;;974
200900072638;9;2;27;2025;5;2;1;1.0;6;11;., MONNERVILLE (BOULEVAR;;;;974
200900072644;9;2;3;645;1;2;1;1.0;1;7;10,RUE PIERRE BROSSOLET;;;;974
200900072652;9;2;11;718;1;2;1;1.0;6;11;BOIS DE NEFLES (ROUTE DE;;;;974
200900072664;9;3;16;1905;5;2;3;1.0;3;7;BANGLINS ( RUE DES );;;;971
200900072710;9;3;22;730;1;2;3;1.0;3;9;BEL OMBRE (chemin);;;;974
200900072715;9;3;21;1800;2;2;9;1.0;3;9;168, BRAS DES CHEVRETTES;;;;974
200900072722;9;3;7;145;5;1;1;1.0;6;48;;R;0.0;0;974
200900072724;9;3;23;1915;3;1;1;1.0;2;16;;R;0.0;0;974
200900072743;9;3;3;800;1;1;1;1.0;2;14;RN01;;;;974
200900072774;9;4;26;1930;3;1;1;1.0;1;15;;R;0.0;0;974
200900072780;9;4;8;1330;1;2;6;1.0;3;7;AXE MIXTE DE CAMBAIE;;;;974
200900072783;9;4;25;830;1;2;6;1.0;6;7;ROND POINT DE LA GLACIER;;;;974
200900072793;9;4;10;1705;1;2;1;2.0;2;7;POLITZER(AVENUE);;;;974
200900072801;9;4;22;1110;1;2;1;1.0;1;14;SANS, LAMBERT(RUE);;;;974
200900072807;9;4;17;730;1;2;1;1.0;6;11;., JAURES (BLD 1 JEAN);;;;974
200900072841;9;1;17;1530;1;1;1;1.0;3;13;ROUTE DEPARTEMENTALE 14;;;;972
200900072851;9;1;25;1425;1;1;1;1.0;1;13;DUCHESNES 1;;;;972
200900072853;9;1;29;925;1;2;1;1.0;6;9;01, DOROTHY (ROUTE DE);;;;972
200900072866;9;5;6;820;1;2;1;1.0;6;7;73, SAINT PAUL(RUE);;;;974
200900072868;9;5;20;1725;1;2;1;1.0;3;7;VOIE DE LIAISON PORTUAIR;;;;974
200900072938;9;2;5;1745;1;1;1;1.0;3;13;ROUTE NATIONALE 1;;;;972
200900072940;9;2;18;855;1;2;1;1.0;2;13;ROUTE DEPARTEMENTALE 15;;;;972
200900072945;9;2;16;1530;1;1;6;1.0;3;13;ROUTE DEPARTEMENTALE 14;;;;972
200900072948;9;2;21;1545;1;1;6;1.0;3;13;ROUTE NATIONALE 1;;;;972
200900072960;9;2;8;1815;5;2;1;1.0;6;9;VIEUX CHEMIN (RUE DU);;;;972
200900072970;9;2;10;1745;1;1;1;1.0;1;22;;A;0.0;0;972
200900073000;9;5;9;1545;1;1;1;1.0;1;28;;A;0.0;0;971
200900073008;9;5;20;1500;1;2;1;1.0;1;27;route de cul de sac;A;0.0;0;971
200900073026;9;6;30;800;1;1;3;1.0;3;25;;A;0.0;0;971
200900073042;9;6;15;1000;1;2;2;1.0;3;11;., BOIS DE NEFLES (ROUTE;;;;974
200900073043;9;6;6;2140;3;2;1;1.0;6;7;AXE MIXTE DE CAMBAIE;;;;974
200900073054;9;6;21;815;1;1;9;1.0;2;2;;R;0.0;0;974
200900073058;9;6;21;1900;3;1;1;1.0;1;24;;R;0.0;0;974
200900073066;9;6;17;900;1;2;1;1.0;1;15;R.D 5 chemin de la poudr;R;0.0;0;974
200900073075;9;6;10;610;3;1;1;1.0;2;7;ROUTE NATIONALE Nï¾° 1;;;;974
200900073149;9;4;15;945;1;1;1;1.0;1;24;;A;0.0;0;972
200900073207;9;6;17;2105;5;2;1;1.0;3;7;CARPAYE(AVENUE);;;;974
200900073218;9;1;25;1715;1;1;1;2.0;3;2;3 BIS, BADUEL (ROUTE DE);;;;973
200900073224;9;1;17;630;2;1;1;1.0;3;6;;G;0.0;0;973
200900073230;9;1;1;145;5;2;1;1.0;5;4;Avenue du Bois Chaudat;G;0.0;0;973
200900073235;9;1;6;1456;1;2;2;1.0;2;2;18, BADUEL (ROUTE DE);;;;973
200900073236;9;1;6;1625;1;2;1;1.0;6;2;945, BADUEL (ROUTE DE);;;;973
200900073237;9;1;6;1800;1;1;1;1.0;3;7;;G;0.0;0;973
200900073238;9;1;13;1030;1;1;4;1.0;3;2;225, BADUEL (ROUTE DE);;;;973
200900073257;9;2;5;1830;1;1;1;1.0;3;2;SOURCE DE BADUEL (CHEMIN;;;;973
200900073260;9;2;10;750;1;1;6;2.0;3;2;859, BADUEL (ROND POINT;;;;973
200900073266;9;2;21;710;1;1;1;1.0;3;2;ROUTE NATIONALE I;;;;973
200900073267;9;2;21;715;1;1;1;1.0;6;2;ROUTE NATIONALE I;;;;973
200900073270;9;2;26;2200;5;2;2;2.0;3;2;1761, FELIX EBOUE (Rue);;;;973
200900073273;9;3;21;547;2;1;2;1.0;3;2;574, RABAN (ROUTE DE);;;;973
200900073280;9;3;14;2145;1;2;1;1.0;6;7;;G;0.0;0;973
200900073282;9;3;12;1315;1;2;1;1.0;3;9;Route de Remire;G;0.0;0;973
200900073285;9;3;15;1630;1;2;1;1.0;3;4;Avenue Berlioz;G;0.0;0;973
200900073311;9;5;12;830;1;1;1;1.0;2;27;;A;0.0;0;972
200900073325;9;5;17;1910;5;1;1;1.0;6;9;RN 09, RN9;;;;972
200900073326;9;5;18;1620;1;1;1;1.0;6;13;ZONE DE FRET;;;;972
200900073359;9;4;16;1205;1;2;1;1.0;2;2;33, JUBELIN (BOULEVARD);;;;973
200900073367;9;5;15;740;1;1;1;1.0;3;2;10, MIRZA (ROND-POINT);;;;973
200900073379;9;5;22;1630;1;1;1;1.0;2;4;;G;0.0;0;973
200900073380;9;5;29;1945;3;1;1;1.0;1;7;;G;0.0;0;973
200900073385;9;5;18;1719;1;1;4;2.0;3;2;1315, MADELEINE (ROUTE D;;;;973
200900073389;9;5;21;1920;5;1;3;1.0;3;2;3382, BADUEL (ROUTE DE);;;;973
200900073391;9;5;25;1555;1;1;1;1.0;3;2;12, GALMOT (AVENUE);;;;973
200900073394;9;6;15;2042;5;2;1;1.0;3;2;13, ABOLITION DE L'ESCLA;;;;973
200900073397;9;6;19;1915;3;1;1;1.0;1;4;;G;0.0;0;973
200900073399;9;6;5;1845;5;2;1;1.0;3;4;Avenue de France;G;0.0;0;973
200900073400;9;6;21;1030;1;1;1;1.0;2;7;;G;0.0;0;973
200900073404;9;6;30;1445;1;2;1;1.0;2;11;56bis village paddock;G;0.0;0;973
200900073406;9;6;24;1030;1;2;1;1.0;3;2;EAU-LISETTE (CITE);;;;973
200900073409;9;6;16;2123;5;1;3;1.0;3;2;2019, RABAN (ROUTE DE);;;;973
200900073413;9;6;11;1847;5;1;1;1.0;3;2;461, BADUEL (ROUTE DE);;;;973
200900073433;9;7;11;1430;1;1;1;1.0;1;28;;A;0.0;0;971
200900073434;9;7;12;830;1;1;1;1.0;3;19;;A;0.0;0;971
200900073445;9;7;31;1600;1;1;1;1.0;1;8;;A;0.0;0;971
200900073451;9;1;27;1930;5;2;1;2.0;3;1;LACROIX;;;;971
200900073453;9;1;30;1020;1;1;1;1.0;6;1;CHAZEAU;;;;971
200900073467;9;3;24;600;1;1;1;1.0;6;13;SECTION GRANDE RAVINE;;;;971
200900073469;9;3;25;710;1;2;1;1.0;6;1;GENERAL DE LA CROIX (CIT;;;;971
200900073483;9;5;10;940;1;1;1;1.0;2;1;CHAUVEL;;;;971
200900073495;9;6;1;1135;1;1;1;1.0;6;13;00, SECTION MARE-GAILLAR;;;;971
200900073506;9;6;24;1800;2;1;1;2.0;5;13;BAS DU FORT;;;;971
200900073514;9;8;9;1327;1;2;1;1.0;3;20;BD LEGITIMUS;;;;971
200900073523;9;8;21;1600;1;2;1;1.0;1;17;rue Jean ZENARRE;A;0.0;0;971
200900073542;9;8;4;945;1;1;1;1.0;6;16;;A;0.0;0;971
200900073575;9;7;26;510;2;2;1;1.0;6;13;RN4, SECTION MARE-GAILLA;;;;971
200900073585;9;8;10;2024;3;2;1;1.0;6;2;26, HENRI QUINTRIE(RUE);;;;973
200900073586;9;8;11;1755;1;2;2;1.0;6;2;16, AMUSANT (PAUL);;;;973
200900073592;9;8;1;645;2;2;1;7.0;1;11;1650 AV C.COLOMB;G;0.0;0;973
200900073599;9;8;5;1900;2;2;1;1.0;6;2;1761, FELIX EBOUE(ROCADE;;;;973
200900073608;9;8;23;1929;5;1;1;1.0;6;2;3176, BADUEL (ROUTE DE);;;;973
200900073611;9;7;25;1850;5;1;1;1.0;6;2;30, TROUBIRAN (CHEMIN DE;;;;973
200900073618;9;4;1;1555;1;2;6;1.0;3;2;JUBELIN (BOULEVARD);;;;973
200900073623;9;7;23;913;1;2;1;1.0;6;2;544, BADUEL (ROUTE DE);;;;973
200900073624;9;7;28;745;1;2;1;1.0;6;2;107, JUBELIN (BOULEVARD);;;;973
200900073658;9;7;3;1230;1;1;1;1.0;3;14;20, BOIS D'OISEAUX (RUE);;;;974
200900073670;9;7;27;1035;1;2;9;1.0;3;16;SANS, HUBERT DE LISLE(BO;;;;974
200900073677;9;7;22;1110;1;2;1;1.0;2;7;LYON(RUE);;;;974
200900073680;9;7;20;1850;5;2;1;1.0;2;7;MAHATMA GANDHY;;;;974
200900073682;9;7;17;1630;1;2;6;1.0;3;11;., NONGE (AVENUE EUDOXIE;;;;974
200900073689;9;7;17;1115;1;1;2;1.0;3;16;PRESIDENT MITTERAND(AVEN;;;;974
200900073691;9;7;20;1147;1;2;1;1.0;6;11;., BOSQUET (RUE DU);;;;974
200900073795;9;6;8;1815;1;2;1;1.0;3;20;Quartier en CAMEE;A;0.0;0;972
200900073803;9;6;17;1500;1;2;3;1.0;1;13;2, PAMPLEMOUSSES (RUE DE;;;;972
200900073818;9;7;29;1420;1;1;1;1.0;3;13;AUTOROUTE A1;;;;972
200900073824;9;7;3;1535;1;2;1;1.0;6;9;91, CONDORCET (AVENUE);;;;972
200900073833;9;7;9;1730;1;1;1;1.0;1;13;DUCHESNES 1;;;;972
200900073882;9;9;19;715;1;1;4;1.0;1;3;;A;0.0;0;971
200900073887;9;9;25;1745;3;1;1;1.0;2;25;;A;0.0;0;971
200900073895;9;8;7;1440;1;2;9;1.0;3;16;SANS, BANK(BOULEVARD);;;;974
200900073909;9;8;8;2300;5;2;3;1.0;6;22;rue Hubert de LIsles;R;0.0;0;974
200900073910;9;8;18;1500;1;1;1;1.0;1;14;;R;0.0;0;974
200900073917;9;8;22;1215;1;2;3;1.0;3;9;ILE DE FRANCE(AVENUE);;;;974
200900073921;9;8;18;1147;1;2;6;1.0;3;7;MASCAREIGNES(BOULEVARD);;;;974
200900073929;9;8;1;1200;1;2;3;1.0;1;9;118, JALADERE ( chemin);;;;974
200900073931;9;8;17;1050;1;2;1;1.0;3;9;BRETELLE SORTIE RN2 ROCA;;;;974
200900073935;9;8;3;1730;1;2;6;1.0;3;7;ROND POINT ROSE DES VENT;;;;974
200900073940;9;8;6;1726;1;2;1;1.0;6;11;22, MOUFIA (ROUTE DE);;;;974
200900073951;9;9;26;1000;1;2;1;1.0;6;11;14, SOURCE (RUE DE LA);;;;974
200900073962;9;9;19;1415;1;2;6;1.0;3;7;AXE MIXTE DE CAMBAIE;;;;974
200900073967;9;9;15;1715;1;2;2;1.0;6;9;DE LA REPUBLIQUE(AVENUE);;;;974
200900073985;9;9;18;600;1;1;1;1.0;1;5;;R;0.0;0;974
200900073997;9;9;2;1018;1;1;1;1.0;6;14;SANS, SAINT DENIS(RUE);;;;974
200900074023;9;8;21;1926;5;2;1;1.0;6;9;09, AMEP (RUE DE L');;;;972
200900074044;9;8;30;1600;1;1;3;1.0;3;13;ROUTE DEPARTEMENTALE 3;;;;972
200900074050;9;10;3;1435;1;2;1;1.0;6;13;RN, SECTION LABROUSSE;;;;971
200900074052;9;10;13;1445;1;2;1;1.0;6;20;RD, ZONE INDUSTRIELLE DE;;;;971
200900074059;9;10;9;2310;5;2;1;1.0;6;1;RN5, RN5-BOISRIPEAUX;;;;971
200900074093;9;9;17;550;2;2;1;1.0;1;9;306, REDOUTE (ROUTE DE L;;;;972
200900074101;9;9;5;730;1;1;1;1.0;1;17;;A;0.0;0;972
200900074104;9;9;25;1615;1;1;1;1.0;7;29;;A;0.0;0;972
200900074147;9;11;1;2045;3;1;1;3.0;4;25;;A;0.0;0;971
200900074153;9;11;12;1030;1;1;6;1.0;1;7;;A;0.0;0;971
200900074158;9;11;22;1815;3;1;1;2.0;6;28;;A;0.0;0;971
200900074172;9;10;19;500;5;2;1;1.0;1;11;., PROVIDENCE (BOULEVARD;;;;974
200900074177;9;10;19;2210;5;2;3;1.0;3;11;9, pierres de lune (rue;;;;974
200900074201;9;10;2;2300;5;2;1;1.0;1;40;132 Rue de la Piscine;R;0.0;0;974
200900074209;9;10;30;1215;1;2;1;1.0;2;7;RUE JACQUES DUCLOS;;;;974
200900074219;9;10;8;1735;2;1;1;1.0;3;7;RUE JULES VERNE;;;;974
200900074223;9;10;7;1025;1;1;1;1.0;3;7;ROUTE NATIONALE Nï¾° 1;;;;974
200900074244;9;11;12;630;1;2;1;1.0;6;1;RN, PERRIN;;;;971
200900074251;9;9;4;1200;1;2;1;1.0;6;2;08, MALOUET;;;;973
200900074252;9;9;1;1409;1;2;3;1.0;6;2;CABASSOU (ROUTE DE);;;;973
200900074272;9;9;9;1545;1;1;1;1.0;4;7;;G;0.0;0;973
200900074279;9;9;19;1508;1;2;1;1.0;6;2;153, BADUEL (ROUTE DE);;;;973
200900074280;9;9;19;1816;1;2;1;1.0;3;2;10, ROUTE NATIONALE I;;;;973
200900074282;9;9;21;840;1;2;3;1.0;2;2;1286, MADELEINE (ROUTE D;;;;973
200900074309;9;10;2;1940;5;2;3;1.0;3;2;14, DE GAULLE (AVENUE);;;;973
200900074313;9;10;8;1730;1;2;3;1.0;6;2;41, ESTREES (AVENUE D');;;;973
200900074319;9;10;5;1708;1;2;1;1.0;6;2;1357, MADELEINE (ROUTE D;;;;973
200900074320;9;11;2;1415;1;2;1;1.0;7;7;rond point de balata;G;0.0;0;973
200900074327;9;11;6;2140;5;2;3;1.0;6;2;ANATOLE (CITE);;;;973
200900074334;9;11;18;1340;1;1;6;1.0;3;2;LEBLOND (ROND POINT);;;;973
200900074350;9;12;1;2200;5;1;3;1.0;6;2;BONHOMME (CITE);;;;973
200900074355;9;12;5;1300;1;2;1;1.0;3;7;Cogneau-Lamirande;G;0.0;0;973
200900074361;9;12;9;1715;1;2;1;8.0;1;4;10 rue Coutard;G;0.0;0;973
200900074362;9;12;1;1145;1;2;1;1.0;1;4;rue Diderot;G;0.0;0;973
200900074363;9;12;7;1900;3;1;1;1.0;2;3;;G;0.0;0;973
200900074368;9;12;30;1500;1;2;1;1.0;1;9;PK 6 Route de Montjoly;G;0.0;0;973
200900074371;9;12;18;2020;5;2;1;1.0;6;2;KET TAI (CARREFOUR);;;;973
200900074372;9;12;21;840;1;1;1;1.0;6;2;ROUTE NATIONALE I;;;;973
200900074375;9;12;23;1041;1;2;1;1.0;6;2;1496, BADUEL (ROUTE DE);;;;973
200900074377;9;12;24;1600;1;2;1;1.0;7;2;56, PREVOT (ERNEST);;;;973
200900074381;9;11;12;1730;1;1;6;1.0;3;8;;R;0.0;0;974
200900074383;9;11;12;1815;2;2;1;1.0;3;4;43 AVENUE RAYMOND BARRE;R;0.0;0;974
200900074396;9;11;28;1630;1;2;1;1.0;3;9;249, JOSEPH BEDIER(RUE);;;;974
200900074408;9;11;11;1735;1;2;1;1.0;1;11;80, BOUGAINVILLEES (CHEM;;;;974
200900074416;9;11;12;1159;1;2;1;1.0;2;11;32, DOMENJOD (ROUTE DE);;;;974
200900074428;9;11;21;730;1;2;1;1.0;3;16;SANS, HUBERT DE LISLE(BO;;;;974
200900074500;9;12;1;910;1;2;1;1.0;6;11;--GAULLE DU GENERAL DE;;;;974
200900074502;9;12;4;740;1;2;3;1.0;3;11;., RIVIERE (RUE MAXIME);;;;974
200900074507;9;12;8;745;1;1;1;1.0;6;11;18, JACQUES (SAINT);;;;974
200900074512;9;12;10;2000;3;2;1;1.0;6;7;TAMATAVE (BOULEVARD);;;;974
200900074519;9;12;15;1700;1;1;1;1.0;1;20;;R;0.0;0;974
200900074523;9;12;20;1950;5;2;1;1.0;2;7;TOULOUSE(BOULEVARD);;;;974
200900074537;9;12;28;1300;1;2;6;1.0;2;11;., JAURES (BLD 1 JEAN);;;;974
200900074543;9;12;29;1430;2;2;1;1.0;6;11;46, OUEST (QUAI);;;;974
200900074551;9;12;20;530;3;2;1;1.0;2;16;SANS, TOBY LES HAUTS(CHE;;;;974
200900074561;9;12;20;540;2;1;1;1.0;2;16;SANS, CD 26;;;;974
200900074580;9;11;5;610;2;2;1;1.0;3;9;51 RUE DU PONT;;;;974
200900074615;9;12;26;1700;2;1;1;1.0;6;12;;A;0.0;0;972
200900074642;9;12;29;1700;1;1;1;1.0;1;13;MORNE PITAULT (ROUTE DE);;;;972
200900074693;9;11;25;1500;1;1;1;1.0;3;10;;A;0.0;0;972
200900074699;9;11;10;930;1;2;2;8.0;3;32;Rue Victor Hugo - RN6;A;0.0;0;972